,RUN NO.,TEST,"WT.
TARE
RUN",CONFIGURATION,TYPE OF RUN,a,Y,qnom,IB FLAP L/R,OB AIL L/R,STAB,RUD,CAN,LE IB/OB,TRIP DOTS,Nacelle Blockage L/R,Spoiler L/R,DATE
2,2.0,2298,1.0,F15+A20+W20+N20.T+V20+H20.T+C15.F(FairingCap4.6),P6,A1,0,40,0/0,0,0,0,0,Cruise,FTDEX,,,2020-09-04 00:00:00
3,3.0,2298,1.0,F15+A20+W20+N20.T+V20+H20.T+C15.F(FairingCap4.6),Y6,0,B3,40,0/0,0,0,0,0,Cruise,FTDEX,,,2020-09-04 00:00:00
4,4.0,2298,1.0,F15+A20+W20+N20.T+V20+H20.T+C15.F(FairingCap4.5),P6,A1,0,40,0/0,0,0,0,0,Cruise,FTDEX,,,2020-09-04 00:00:00
5,5.0,2298,1.0,F15+A20+W20+N20.T+V20+H20.T+C15.F(FairingCap4.5),P6,A1,5,40,0/0,0,0,0,0,Cruise,FTDEX,,,2020-09-04 00:00:00
6,6.0,2298,1.0,F15+A20+W20+N20.T+V20+H20.T+C15.F(FairingCap4.5),P6,A1,-2,40,0/0,0,0,0,0,Cruise,FTDEX,,,2020-09-04 00:00:00
7,7.0,2298,1.0,F15+A20+W20+N20.T+V20+H20.T+C15.F(FairingCap4.5),P6,A1,-5,40,0/0,0,0,0,0,Cruise,FTDEX,,,2020-09-04 00:00:00
8,8.0,2298,1.0,F15+A20+W20+N20.T+V20+H20.T+C15.F(FairingCap4.5),Y6,-5,B3,40,0/0,0,0,0,0,Cruise,FTDEX,,,2020-09-04 00:00:00
9,9.0,2298,1.0,F15+A20+W20+N20.T+V20+H20.T+C15.F(FairingCap4.5),Y6,0,B3,40,0/0,0,0,0,0,Cruise,FTDEX,,,2020-09-04 00:00:00
10,10.0,2298,1.0,F15+A20+W20+N20.T+V20+H20.T+C15.F(FairingCap4.5),Y6,5,B3,40,0/0,0,0,0,0,Cruise,FTDEX,,,2020-09-04 00:00:00
11,11.0,2298,1.0,F15+A20+W20+N20.T+V20+H20.T+C15.F(FairingCap4.5),Y6,10,B3,40,0/0,0,0,0,0,Cruise,FTDEX,,,2020-09-04 00:00:00
12,12.0,2298,1.0,F15+A20+W20+N20.T+V20+H20.T+C15.F(FairingCap4.5),Y6,15,B3,40,0/0,0,0,0,0,Cruise,FTDEX,,,2020-09-04 00:00:00
13,13.0,2298,1.0,F15+A20+W20+N20.T+V20+H20.T+C15.F(FairingCap4.5),Y6,20,B4,40,0/0,0,0,0,0,Cruise,FTDEX,,,2020-09-04 00:00:00
14,14.0,2298,1.0,F15+A20+W20+N20.T+V20+H20.T+C15.F(FairingCap4.5),Y6,25,B4,40,0/0,0,0,0,0,Cruise,FTDEX,,,2020-09-04 00:00:00
15,15.0,2298,1.0,F15+A20+W20+N20.T+V20+H20.T+C15.F(FairingCap4.5),Y6,30,B4,40,0/0,0,0,0,0,Cruise,FTDEX,,,2020-09-04 00:00:00
17,17.0,2298,16.0,F15+A20+W20+N20.T+V20+H20.T,P6,A1,0,40,0/0,0,0,0,,Cruise,FTDEX,,,2020-09-04 00:00:00
19,19.0,2298,18.0,F15+A20+W20+N20.T+V20,P6,A1,0,40,0/0,0,,0,,Cruise,FTDEX,,,2020-09-04 00:00:00
21,21.0,2298,20.0,F15+A15+W20+N20.B+V15,P6,A1,0,40,0/0,0,,0,,Cruise,FTDEX,,,2020-09-08 00:00:00
23,23.0,2298,22.0,F15+A15+W20+N20.B+V15+H20.L,P6,A1,0,40,0/0,0,0,0,,Cruise,FTDEX,,,2020-09-08 00:00:00
25,25.0,2298,24.0,F15+A15+W20+N20.B+V15+H20.L+C15.F,P6,A1,0,40,0/0,0,0,0,0,Cruise,FTDEX,,,2020-09-08 00:00:00
26,26.0,2298,24.0,F15+A15+W20+N20.B+V15+H20.L+C15.F,P6,A1,5,40,0/0,0,0,0,0,Cruise,FTDEX,,,2020-09-08 00:00:00
27,27.0,2298,24.0,F15+A15+W20+N20.B+V15+H20.L+C15.F,P6,A1,-2,40,0/0,0,0,0,0,Cruise,FTDEX,,,2020-09-08 00:00:00
28,28.0,2298,24.0,F15+A15+W20+N20.B+V15+H20.L+C15.F,P6,A1,-5,40,0/0,0,0,0,0,Cruise,FTDEX,,,2020-09-08 00:00:00
29,29.0,2298,24.0,F15+A15+W20+N20.B+V15+H20.L+C15.F,Y6,-5,B3,40,0/0,0,0,0,0,Cruise,FTDEX,,,2020-09-08 00:00:00
30,30.0,2298,24.0,F15+A15+W20+N20.B+V15+H20.L+C15.F,Y6,0,B3,40,0/0,0,0,0,0,Cruise,FTDEX,,,2020-09-08 00:00:00
31,31.0,2298,24.0,F15+A15+W20+N20.B+V15+H20.L+C15.F,Y6,5,B3,40,0/0,0,0,0,0,Cruise,FTDEX,,,2020-09-08 00:00:00
32,32.0,2298,24.0,F15+A15+W20+N20.B+V15+H20.L+C15.F,Y6,10,B3,40,0/0,0,0,0,0,Cruise,FTDEX,,,2020-09-08 00:00:00
33,33.0,2298,24.0,F15+A15+W20+N20.B+V15+H20.L+C15.F,Y6,15,B3,40,0/0,0,0,0,0,Cruise,FTDEX,,,2020-09-08 00:00:00
34,34.0,2298,24.0,F15+A15+W20+N20.B+V15+H20.L+C15.F,Y6,20,B4,40,0/0,0,0,0,0,Cruise,FTDEX,,,2020-09-08 00:00:00
35,35.0,2298,24.0,F15+A15+W20+N20.B+V15+H20.L+C15.F,Y6,25,B4,40,0/0,0,0,0,0,Cruise,FTDEX,,,2020-09-08 00:00:00
37,37.0,2298,36.0,F15+A15+W20+N20.B+V15+H20.L+C15.F+VF1+DF1,P6,A1,0,40,0/0,0,0,0,0,Cruise,FTDEX,,,2020-09-08 00:00:00
38,38.0,2298,36.0,F15+A15+W20+N20.B+V15+H20.L+C15.F+VF1+DF1,Y6,0,B3,40,0/0,0,0,0,0,Cruise,FTDEX,,,2020-09-08 00:00:00
39,39.0,2298,36.0,F15+A15+W20+N20.B+V15+H20.L+C15.F+VF1+DF1,Y6,5,B3,40,0/0,0,0,0,0,Cruise,FTDEX,,,2020-09-08 00:00:00
40,40.0,2298,36.0,F15+A15+W20+N20.B+V15+H20.L+C15.F+VF1+DF1,Y6,10,B3,40,0/0,0,0,0,0,Cruise,FTDEX,,,2020-09-08 00:00:00
41,41.0,2298,36.0,F15+A15+W20+N20.B+V15+H20.L+C15.F+VF1+DF1,Y6,20,B4,40,0/0,0,0,0,0,Cruise,FTDEX,,,2020-09-08 00:00:00
43,43.0,2298,42.0,F15+A15+W20+N20.B+V15+H15.L+C15.F,P6,A1,0,40,0/0,0,0,0,0,Cruise,FTDEX,,,2020-09-08 00:00:00
45,45.0,2298,44.0,F15+A15+W20+N20.B+V15+H15.A+C15.F,P6,A1,0,40,0/0,0,0,0,0,Cruise,FTDEX,,,2020-09-08 00:00:00
47,47.0,2298,46.0,F15+A15+W20+N20.B+V15+C15.F(Testrun),P6,A1,0,40,0/0,0,,0,0,Cruise,FTDEX,,,2020-09-08 00:00:00
48,48.0,2298,46.0,F15+A15+W20+N20.B+V15+C15.F(Testrun),P6,A1,0,40,0/0,0,,0,0,Cruise,FTDEX,,,2020-09-08 00:00:00
49,49.0,2298,46.0,F15+A15+W20+N20.B+V15+C15.F(Testrun),P6,A1,0,40,0/0,0,,0,0,Cruise,FTDEX,,,2020-09-09 00:00:00
51,51.0,2298,50.0,F15+A15+W20+N20.B+V15+C15.F,P6,A1,0,40,0/0,0,,0,0,LE 30,FTDEX,,,2020-09-09 00:00:00
53,53.0,2298,52.0,F15+A15+W20+N20.B+V15+C15.F,P6,A1,0,40,10/10,10/10,,0,5,LE 30,FTDEX,,,2020-09-09 00:00:00
55,55.0,2298,54.0,F15+A15+W20+N20.B+V15+H20.L+C15.F,P6,A1,0,40,10/10,10/10,0,0,5,LE 30,FTDEX,,,2020-09-09 00:00:00
56,56.0,2298,54.0,F15+A15+W20+N20.B+V15+H20.L+C15.F,P6,A1,5,40,10/10,10/10,0,0,5,LE 30,FTDEX,,,2020-09-09 00:00:00
57,57.0,2298,54.0,F15+A15+W20+N20.B+V15+H20.L+C15.F,P6,A1,-2,40,10/10,10/10,0,0,5,LE 30,FTDEX,,,2020-09-09 00:00:00
58,58.0,2298,54.0,F15+A15+W20+N20.B+V15+H20.L+C15.F,P6,A1,-5,40,10/10,10/10,0,0,5,LE 30,FTDEX,,,2020-09-09 00:00:00
59,59.0,2298,54.0,F15+A15+W20+N20.B+V15+H20.L+C15.F,Y6,-5,B3,40,10/10,10/10,0,0,5,LE 30,FTDEX,,,2020-09-09 00:00:00
60,60.0,2298,54.0,F15+A15+W20+N20.B+V15+H20.L+C15.F,Y6,0,B3,40,10/10,10/10,0,0,5,LE 30,FTDEX,,,2020-09-09 00:00:00
61,61.0,2298,54.0,F15+A15+W20+N20.B+V15+H20.L+C15.F,Y6,5,B3,40,10/10,10/10,0,0,5,LE 30,FTDEX,,,2020-09-09 00:00:00
62,62.0,2298,54.0,F15+A15+W20+N20.B+V15+H20.L+C15.F,Y6,10,B3,40,10/10,10/10,0,0,5,LE 30,FTDEX,,,2020-09-09 00:00:00
63,63.0,2298,54.0,F15+A15+W20+N20.B+V15+H20.L+C15.F,Y6,15,B3,40,10/10,10/10,0,0,5,LE 30,FTDEX,,,2020-09-09 00:00:00
64,64.0,2298,54.0,F15+A15+W20+N20.B+V15+H20.L+C15.F,Y6,20,B4,40,10/10,10/10,0,0,5,LE 30,FTDEX,,,2020-09-09 00:00:00
65,65.0,2298,54.0,F15+A15+W20+N20.B+V15+H20.L+C15.F,Y6,25,B4,40,10/10,10/10,0,0,5,LE 30,FTDEX,,,2020-09-09 00:00:00
67,67.0,2298,66.0,F15+A15+W20+N20.B+V15,P6,A4,0,40,0/0,0/0,,0,,Cruise,FTDEX,,,2020-09-09 00:00:00
68,68.0,2298,66.0,F15+A15+W20+N20.B+V15,P6,A4,0,40,0/0,0/0,,0,,Cruise,FTDEX,,,2020-09-09 00:00:00
69,69.0,2298,66.0,F15+A15+W20+N20.B+V15,P6,A4,-2,40,0/0,0/0,,0,,Cruise,FTDEX,,,2020-09-09 00:00:00
71,71.0,2298,70.0,F15+A15+W20+V15,P6,A4,0,40,0/0,0/0,,0,,Cruise,FTDEX,,,2021-09-09 00:00:00
73,73.0,2298,72.0,F15+A15+W20+V15+N20.B+H20.L+C15.F,P6,A1,0,40,0/0,0/0,0,0,0,Cruise,FTDEX,,,2020-09-10 00:00:00
74,74.0,2298,72.0,F15+A15+W20+V15+N20.B+H20.L+C15.F,Y6,0,B3,40,0/0,0/0,0,0,0,Cruise,FTDEX,,,2020-09-10 00:00:00
76,76.0,2298,75.0,F15+A15+W20+V15,P6,A4,0,40,0/0,0/0,,0,,Cruise,FTDEX,,,2020-09-10 00:00:00
78,78.0,2298,77.0,F15+A15+W20+V15+N20.B+H20.L+C15.F,P6,A1,0,40,0/0,0/0,0,0,0,Cruise,FTDEX,,,2020-09-10 00:00:00
79,79.0,2298,77.0,F15+A15+W20+V15+N20.B+H20.L+C15.F,Y6,0,B3,40,0/0,0/0,0,0,0,Cruise,FTDEX,,,2020-09-10 00:00:00
81,81.0,2298,80.0,F15+A15+W20+V15,P6,A4,0,40,0/0,0/0,,0,,Cruise,FTDEX,,,2020-09-10 00:00:00
82,82.0,2298,80.0,F15+A15+W20+V15,P6,A4,-2,40,0/0,0/0,,0,,Cruise,FTDEX,,,2020-09-10 00:00:00
84,84.0,2298,83.0,F15+A15+W17+V15,P6,A5,0,40,0/0,0/0,,0,,Cruise,FTDEX,,,2020-09-10 00:00:00
85,85.0,2298,83.0,F15+A15+W17+V15,P6,A5,-2,40,0/0,0/0,,0,,Cruise,FTDEX,,,2020-09-10 00:00:00
87,87.0,2298,86.0,F15+A15+W17+N20.B+V15,P6,A5,0,40,0/0,0/0,,0,,Cruise,FTDEX,,,2020-09-10 00:00:00
88,88.0,2298,86.0,F15+A15+W17+N20.B+V15,P6,A5,-2,40,0/0,0/0,,0,,Cruise,FTDEX,,,2020-09-10 00:00:00
90,90.0,2298,89.0,F15+A15+W17+N20.B+V15+C15.F+VF1+DF1,P6,A1,0,40,0/0,0/0,,0,0,Cruise,FTDEX,,,2020-09-11 00:00:00
91,91.0,2298,89.0,F15+A15+W17+N20.B+V15+C15.F+VF1+DF1,P6,A1,0,40,0/0,0/0,,0,0,Cruise,FTDEX,,,2020-09-11 00:00:00
92,92.0,2298,89.0,F15+A15+W17+N20.B+V15+C15.F+VF1+DF1(Canardsunsealed),P6,A1,0,40,0/0,0/0,,0,0,Cruise,FTDEX,,,2020-09-11 00:00:00
93,93.0,2298,89.0,F15+A15+W17+N20.B+V15+C15.F+VF1+DF1(Canardsclaxedw/fillet),P6,A1,0,40,0/0,0/0,,0,0,Cruise,FTDEX,,,2020-09-11 00:00:00
94,94.0,2298,89.0,F15+A15+W17+N20.B+V15+C15.F+VF1+DF1(Canardtapesealnofillet),P6,A1,0,40,0/0,0/0,,0,0,Cruise,FTDEX,,,2020-09-11 00:00:00
96,96.0,2298,95.0,F15+A15+W17+N20.B+V15+H20.L+C15.F+VF1+DF1,P6,A1,0,40,0/0,0/0,0,0,0,Cruise,FTDEX,,,2020-09-11 00:00:00
97,97.0,2298,95.0,F15+A15+W17+N20.B+V15+H20.L+C15.F+VF1+DF1,P6,A1,0,40,0/0,0/0,0,0,0,Cruise,FTDEX,,,2020-09-11 00:00:00
98,98.0,2298,95.0,F15+A15+W17+N20.B+V15+H20.L+C15.F+VF1+DF1,P6,A1,5,40,0/0,0/0,0,0,0,Cruise,FTDEX,,,2020-09-11 00:00:00
99,99.0,2298,95.0,F15+A15+W17+N20.B+V15+H20.L+C15.F+VF1+DF1,P6,A1,-2,40,0/0,0/0,0,0,0,Cruise,FTDEX,,,2020-09-11 00:00:00
100,100.0,2298,95.0,F15+A15+W17+N20.B+V15+H20.L+C15.F+VF1+DF1,P6,A1,-5,40,0/0,0/0,0,0,0,Cruise,FTDEX,,,2020-09-11 00:00:00
101,101.0,2298,95.0,F15+A15+W17+N20.B+V15+H20.L+C15.F+VF1+DF1,Y6,-5,B3,40,0/0,0/0,0,0,0,Cruise,FTDEX,,,2020-09-11 00:00:00
102,102.0,2298,95.0,F15+A15+W17+N20.B+V15+H20.L+C15.F+VF1+DF1,Y6,0,B3,40,0/0,0/0,0,0,0,Cruise,FTDEX,,,2020-09-11 00:00:00
103,103.0,2298,95.0,F15+A15+W17+N20.B+V15+H20.L+C15.F+VF1+DF1,Y6,5,B3,40,0/0,0/0,0,0,0,Cruise,FTDEX,,,2020-09-11 00:00:00
104,104.0,2298,95.0,F15+A15+W17+N20.B+V15+H20.L+C15.F+VF1+DF1,Y6,10,B3,40,0/0,0/0,0,0,0,Cruise,FTDEX,,,2020-09-11 00:00:00
105,105.0,2298,95.0,F15+A15+W17+N20.B+V15+H20.L+C15.F+VF1+DF1,Y6,15,B3,40,0/0,0/0,0,0,0,Cruise,FTDEX,,,2020-09-11 00:00:00
106,106.0,2298,95.0,F15+A15+W17+N20.B+V15+H20.L+C15.F+VF1+DF1,Y6,20,B4,40,0/0,0/0,0,0,0,Cruise,FTDEX,,,2020-09-11 00:00:00
107,107.0,2298,95.0,F15+A15+W17+N20.B+V15+H20.L+C15.F+VF1+DF1,Y6,25,B4,40,0/0,0/0,0,0,0,Cruise,FTDEX,,,2020-09-11 00:00:00
109,109.0,2298,108.0,F15+A15+W17+N20.B+V15+C15.F+VF1+DF1,P6,A1,0,40,0/0,0/0,,0,0,LE30,FTDEX,,,2020-09-11 00:00:00
111,111.0,2298,110.0,F15+A15+W17+N20.B+V15+C15.F+VF1+DF1,P6,A1,0,40,10/10,10/10,,0,5,LE30,FTDEX,,,2020-09-11 00:00:00
113,113.0,2298,112.0,F15+A15+W17+N20.B+H20.L+V15+C15.F+VF1+DF1,P6,A1,0,40,10/10,10/10,0,0,5,LE30,FTDEX,,,2020-09-11 00:00:00
114,114.0,2298,112.0,F15+A15+W17+N20.B+H20.L+V15+C15.F+VF1+DF1,P6,A1,5,40,10/10,10/10,0,0,5,LE30,FTDEX,,,2020-09-11 00:00:00
115,115.0,2298,112.0,F15+A15+W17+N20.B+H20.L+V15+C15.F+VF1+DF1,P6,A1,-2,40,10/10,10/10,0,0,5,LE30,FTDEX,,,2020-09-11 00:00:00
116,116.0,2298,112.0,F15+A15+W17+N20.B+H20.L+V15+C15.F+VF1+DF1,P6,A1,-5,40,10/10,10/10,0,0,5,LE30,FTDEX,,,2020-09-11 00:00:00
117,117.0,2298,112.0,F15+A15+W17+N20.B+H20.L+V15+C15.F+VF1+DF1,Y6,0,B3,40,10/10,10/10,0,0,5,LE30,FTDEX,,,2020-09-11 00:00:00
118,118.0,2298,112.0,F15+A15+W17+N20.B+H20.L+V15+C15.F+VF1+DF1,Y6,5,B3,40,10/10,10/10,0,0,5,LE30,FTDEX,,,2020-09-11 00:00:00
119,119.0,2298,112.0,F15+A15+W17+N20.B+H20.L+V15+C15.F+VF1+DF1,Y6,10,B3,40,10/10,10/10,0,0,5,LE30,FTDEX,,,2020-09-11 00:00:00
120,120.0,2298,112.0,F15+A15+W17+N20.B+H20.L+V15+C15.F+VF1+DF1,Y6,20,B4,40,10/10,10/10,0,0,5,LE30,FTDEX,,,2020-09-11 00:00:00
122,122.0,2298,121.0,F15+A15+W17+N20.B+H20.L+V15+C15.F+VF1+DF1,P6,A1,0,40,0/0,0/0,0,0,0,ALT CRUISE 1,FTDEX,,,44088
123,123.0,2298,121.0,F15+A15+W17+N20.B+H20.L+V15+C15.F+VF1+DF1,P6,A1,-2,40,0/0,0/0,0,0,0,ALT CRUISE 1,FTDEX,,,44088
124,124.0,2298,121.0,F15+A15+W17+N20.B+H20.L+V15+C15.F+VF1+DF1,P6,A1,-5,40,0/0,0/0,0,0,0,ALT CRUISE 1,FTDEX,,,44088
126,126.0,2298,125.0,F15+A20+W20+N20.T+H20.T+V20+C15.F,P6,A1,0,40,10/10,0/0,0,0,5,LE 30,FTDEX,,,2020-09-14 00:00:00
127,127.0,2298,125.0,F15+A20+W20+N20.T+H20.T+V20+C15.F,Y6,0,B3,40,10/10,0/0,0,0,5,LE 30,FTDEX,,,2020-09-14 00:00:00
128,128.0,2298,125.0,F15+A20+W20+N20.T+H20.T+V20+C15.F,P6,A1,0,40,10/10,0/0,-15,0,5,LE 30,FTDEX,,,2020-09-14 00:00:00
129,129.0,2298,125.0,F15+A20+W20+N20.T+H20.T+V20+C15.F,P6,A1,0,40,10/10,0/0,-10,0,5,LE 30,FTDEX,,,2020-09-14 00:00:00
130,130.0,2298,125.0,F15+A20+W20+N20.T+H20.T+V20+C15.F,P6,A1,-5,40,10/10,0/0,-10,0,5,LE 30,FTDEX,,,2020-09-14 00:00:00
131,131.0,2298,125.0,F15+A20+W20+N20.T+H20.T+V20+C15.F,P6,A1,0,40,10/10,0/0,-5,0,5,LE 30,FTDEX,,,2020-09-14 00:00:00
132,132.0,2298,125.0,F15+A20+W20+N20.T+H20.T+V20+C15.F,P6,A1,0,40,10/10,0/0,0,0,5,LE 30,FTDEX,,,2020-09-14 00:00:00
133,133.0,2298,125.0,F15+A20+W20+N20.T+H20.T+V20+C15.F,P6,A1,0,40,10/10,0/0,10,0,5,LE 30,FTDEX,,,2020-09-14 00:00:00
143,2.0,2320,1.0,W15,P6,A3,0,4,0/0,0/0,,,,0/0,,,,2021-06-21 00:00:00
144,3.0,2320,1.0,W15,P6,A3,0,6.27,0/0,0/0,,,,0/0,,,,2021-06-21 00:00:00
145,4.0,2320,1.0,W15,P6,A3,0,14.11,0/0,0/0,,,,0/0,,,,2021-06-21 00:00:00
146,5.0,2320,1.0,W15,P6,A3,0,32,0/0,0/0,,,,0/0,,,,2021-06-21 00:00:00
147,6.0,2320,1.0,W15,P6,A3,0,40,0/0,0/0,,,,0/0,,,,2021-06-21 00:00:00
148,7.0,2320,1.0,W15,P6,A3,0,60,0/0,0/0,,,,0/0,,,,2021-06-21 00:00:00
149,8.0,2320,1.0,W15,Y6,0,B2,40,0/0,0/0,,,,0/0,,,,2021-06-21 00:00:00
150,9.0,2320,1.0,W15,Y6,5,B2,40,0/0,0/0,,,,0/0,,,,2021-06-21 00:00:00
151,10.0,2320,1.0,W15,Y6,10,B2,40,0/0,0/0,,,,0/0,,,,2021-06-21 00:00:00
152,11.0,2320,1.0,W15,Y6,15,B2,40,0/0,0/0,,,,0/0,,,,2021-06-21 00:00:00
154,13.0,2320,12.0,W15+A15+F15,P6,A3,0,4,0/0,0/0,,,,0/0,FTDEX,,,2021-06-21 00:00:00
155,14.0,2320,12.0,W15+A15+F15,P6,A3,0,6.27,0/0,0/0,,,,0/0,FTDEX,,,2021-06-21 00:00:00
156,15.0,2320,12.0,W15+A15+F15,P6,A3,0,14.11,0/0,0/0,,,,0/0,FTDEX,,,2021-06-21 00:00:00
157,16.0,2320,12.0,W15+A15+F15,P6,A3,0,32,0/0,0/0,,,,0/0,FTDEX,,,2021-06-21 00:00:00
158,17.0,2320,12.0,W15+A15+F15,P6,A3,0,40,0/0,0/0,,,,0/0,FTDEX,,,2021-06-21 00:00:00
159,18.0,2320,12.0,W15+A15+F15,P6,A3,0,60,0/0,0/0,,,,0/0,FTDEX,,,2021-06-21 00:00:00
160,19.0,2320,12.0,W15+A15+F15,Y6,0,B2,6.27,0/0,0/0,,,,0/0,FTDEX,,,2021-06-21 00:00:00
161,20.0,2320,12.0,W15+A15+F15,Y6,0,B2,40,0/0,0/0,,,,0/0,FTDEX,,,2021-06-21 00:00:00
162,21.0,2320,12.0,W15+A15+F15,Y6,10,B2,6.27,0/0,0/0,,,,0/0,FTDEX,,,2021-06-21 00:00:00
163,22.0,2320,12.0,W15+A15+F15,Y6,10,B2,40,0/0,0/0,,,,0/0,FTDEX,,,2021-06-21 00:00:00
165,24.0,2320,23.0,W15+A15+F15+V15+DF1+VF1,Y6,0,B3,40,0/0,0/0,,0,,0/0,FTDEX,,,2021-06-22 00:00:00
166,25.0,2320,23.0,W15+A15+F15+V15+DF1+VF1,Y6,10,B3,40,0/0,0/0,,0,,0/0,FTDEX,,,2021-06-22 00:00:00
167,26.0,2320,23.0,W15+A15+F15+V15+DF1+VF1,P6,A1,0,40,0/0,0/0,,0,,0/0,FTDEX,,,2021-06-22 00:00:00
168,27.0,2320,23.0,W15+A15+F15+V15+DF1+VF1,P6,A1,-2,40,0/0,0/0,,0,,0/0,FTDEX,,,2021-06-22 00:00:00
169,28.0,2320,23.0,W15+A15+F15+V15+DF1+VF1,P6,A1,-5,40,0/0,0/0,,0,,0/0,FTDEX,,,2021-06-22 00:00:00
170,29.0,2320,23.0,W15+A15+F15+V15+DF1+VF1,Y6,0,B3,60,0/0,0/0,,0,,0/0,FTDEX,,,2021-06-22 00:00:00
171,30.0,2320,23.0,W15+A15+F15+V15+DF1+VF1,Y6,10,B3,60,0/0,0/0,,0,,0/0,FTDEX,,,2021-06-22 00:00:00
172,31.0,2320,23.0,W15+A15+F15+V15+DF1+VF1,P6,A1,0,60,0/0,0/0,,0,,0/0,FTDEX,,,2021-06-22 00:00:00
173,32.0,2320,23.0,W15+A15+F15+V15+DF1+VF1,P6,A1,-2,60,0/0,0/0,,0,,0/0,FTDEX,,,2021-06-22 00:00:00
174,33.0,2320,23.0,W15+A15+F15+V15+DF1+VF1,P6,A1,-5,60,0/0,0/0,,0,,0/0,FTDEX,,,2021-06-22 00:00:00
176,35.0,2320,34.0,W15+A15+F15+V15+H15+DF1+VF1,P6,A1,-5,40,0/0,0/0,0/0,0,,0/0,FTDEX,,,2021-06-22 00:00:00
177,36.0,2320,34.0,W15+A15+F15+V15+H15+DF1+VF1,P6,A1,-2,40,0/0,0/0,0/0,0,,0/0,FTDEX,,,2021-06-22 00:00:00
178,37.0,2320,34.0,W15+A15+F15+V15+H15+DF1+VF1,P6,A1,0,40,0/0,0/0,0/0,0,,0/0,FTDEX,,,2021-06-22 00:00:00
180,39.0,2320,38.0,W15+A15+F15+V15+H15A.1+DF1+VF1,P6,A1.B,-5,40,0/0,0/0,0/0,0,,0/0,FTDEX,,,2021-06-22 00:00:00
181,40.0,2320,38.0,W15+A15+F15+V15+H15A.1+DF1+VF1,P6,A1.B,-2,40,0/0,0/0,0/0,0,,0/0,FTDEX,,,2021-06-22 00:00:00
182,41.0,2320,38.0,W15+A15+F15+V15+H15A.1+DF1+VF1,P6,A1.B,0,40,0/0,0/0,0,0,,0/0,FTDEX,,,2021-06-22 00:00:00
184,43.0,2320,42.0,W15+A15+F15+V15+H20.L+DF1+VF2,P6,A1.B,0,40,0/0,0/0,0,0,,0/0,FTDEX,,,2021-06-22 00:00:00
185,44.0,2320,42.0,W15+A15+F15+V15+H20.L+DF1+VF2,P6,A1,0,32,0/0,0/0,0,0,,0/0,FTDEX,,,2021-06-22 00:00:00
186,45.0,2320,42.0,W15+A15+F15+V15+H20.L+DF1+VF2,P6,A1.B,-2,40,0/0,0/0,0,0,,0/0,FTDEX,,,2021-06-22 00:00:00
187,46.0,2320,42.0,W15+A15+F15+V15+H20.L+DF1+VF2,P6,A1,-5,40,0/0,0/0,0,0,,0/0,FTDEX,,,2021-06-22 00:00:00
189,48.0,2320,47.0,W15+A15+F15+V15+H20.L+VF1+DF1,P6,A1.B,0,32,0/0,0/0,15,0,,0/0,FTDEX,,,2021-06-22 00:00:00
190,49.0,2320,38.0,W15+A15+F15+V15+H15A.1+VF1+DF1,P6,A1.B,0,32,0/0,0/0,15,0,,0/0,FTDEX,,,2021-06-22 00:00:00
191,50.0,2320,34.0,W15+A15+F15+V15+H15+VF1+DF1,P6,A1.B,0,32,0/0,0/0,15,0,,0/0,FTDEX,,,2021-06-22 00:00:00
192,51.0,2320,34.0,W15+A15+F15+V15+H15+VF1+DF1,P6,A1.B,0,32,0/0,0/0,5,0,,0/0,FTDEX,,,2021-06-22 00:00:00
193,52.0,2320,38.0,W15+A15+F15+V15+H15A.1+VF1+DF1,P6,A1.B,0,32,0/0,0/0,5,0,,0/0,FTDEX,,,2021-06-22 00:00:00
194,53.0,2320,47.0,W15+A15+F15+V15+H20.L+VF1+DF1,P6,A1.B,0,32,0/0,0/0,5,0,,0/0,FTDEX,,,2021-06-22 00:00:00
195,54.0,2320,47.0,W15+A15+F15+V15+H20.L+VF1+DF1,P6,A1.B,0,32,0/0,0/0,-5,0,,0/0,FTDEX,,,2021-06-23 00:00:00
196,55.0,2320,38.0,W15+A15+F15+V15+H15A.1+VF1+DF1,P6,A1.B,0,32,0/0,0/0,-5,0,,0/0,FTDEX,,,2021-06-23 00:00:00
197,56.0,2320,34.0,W15+A15+F15+V15+H15+VF1+DF1,P6,A1.B,0,32,0/0,0/0,-5,0,,0/0,FTDEX,,,2021-06-23 00:00:00
198,57.0,2320,34.0,W15+A15+F15+V15+H15+VF1+DF1,P6,A1.B,0,32,0/0,0/0,-15,0,,0/0,FTDEX,,,2021-06-23 00:00:00
199,58.0,2320,38.0,W15+A15+F15+V15+H15A.1+VF1+DF1,P6,A1.B,0,32,0/0,0/0,-15,0,,0/0,FTDEX,,,2021-06-23 00:00:00
200,59.0,2320,47.0,W15+A15+F15+V15+H20.L+VF1+DF1,P6,A1.B,0,32,0/0,0/0,-15,0,,0/0,FTDEX,,,2021-06-23 00:00:00
202,61.0,2320,60.0,F15+A15+W15+V15+N20.B+H20.L+VF1+DF1,P6,A1.B,0,32,0/0,0/0,0,0,,0/0,FTDEX,,,2021-06-23 00:00:00
203,62.0,2320,60.0,F15+A15+W15+V15+N20.B+H20.L+VF1+DF1,P6,A1.B,-2,32,0/0,0/0,0,0,,0/0,FTDEX,,,2021-06-23 00:00:00
204,63.0,2320,60.0,F15+A15+W15+V15+N20.B+H20.L+VF1+DF1,P6,A1.B,-5,32,0/0,0/0,0,0,,0/0,FTDEX,,,2021-06-23 00:00:00
205,64.0,2320,60.0,F15+A15+W15+V15+N20.B+H20.L+VF1+DF1,Y6,-5,B3,32,0/0,0/0,0,0,,0/0,FTDEX,,,2021-06-23 00:00:00
206,65.0,2320,60.0,F15+A15+W15+V15+N20.B+H20.L+VF1+DF1,Y6,0,B3,32,0/0,0/0,0,0,,0/0,FTDEX,,,2021-06-23 00:00:00
207,66.0,2320,60.0,F15+A15+W15+V15+N20.B+H20.L+VF1+DF1,Y6,10,B3,32,0/0,0/0,0,0,,0/0,FTDEX,,,2021-06-23 00:00:00
209,68.0,2320,67.0,F15+A15+W15+C15F.1+V15+N20.B+H20.L+VF1+DF1,P6,A1.B,0,32,0/0,0/0,0,0,0.0,0/0,FTDEX,,,2021-06-23 00:00:00
210,69.0,2320,67.0,F15+A15+W15+C15F.1+V15+N20.B+H20.L+VF1+DF1,P6,A1.B,-2,32,0/0,0/0,0,0,0.0,0/0,FTDEX,,,2021-06-23 00:00:00
211,70.0,2320,67.0,F15+A15+W15+C15F.1+V15+N20.B+H20.L+VF1+DF1,P6,A1.B,-5,32,0/0,0/0,0,0,0.0,0/0,FTDEX,,,2021-06-23 00:00:00
212,71.0,2320,67.0,F15+A15+W15+C15F.1+V15+N20.B+H20.L+DF1+VF1,Y6,-5,B3,32,0/0,0/0,0,0,0.0,0/0,FTDEX,,,2021-06-23 00:00:00
213,72.0,2320,67.0,F15+A15+W15+C15F.1+V15+N20.B+H20.L+DF1+VF1,Y6,0,B3,32,0/0,0/0,0,0,0.0,0/0,FTDEX,,,2021-06-23 00:00:00
214,73.0,2320,67.0,F15+A15+W15+C15F.1+V15+N20.B+H20.L+DF1+VF1,Y6,5,B3,32,0/0,0/0,0,0,0.0,0/0,FTDEX,,,2021-06-23 00:00:00
215,74.0,2320,67.0,F15+A15+W15+C15F.1+V15+N20.B+H20.L+DF1+VF1,Y6,10,B3,32,0/0,0/0,0,0,0.0,0/0,FTDEX,,,2021-06-23 00:00:00
216,75.0,2320,67.0,F15+A15+W15+C15F.1+V15+N20.B+H20.L+DF1+VF1,Y6,15,B3,32,0/0,0/0,0,0,0.0,0/0,FTDEX,,,2021-06-23 00:00:00
217,76.0,2320,67.0,F15+A15+W15+C15F.1+V15+N20.B+H20.L+DF1+VF1,Y6,20,B3,32,0/0,0/0,0,0,0.0,0/0,FTDEX,,,2021-06-23 00:00:00
218,77.0,2320,67.0,F15+A15+W15+C15F.1+V15+N20.B+H20.L+DF1+VF1,Y6,25,B3,32,0/0,0/0,0,0,0.0,0/0,FTDEX,,,2021-06-23 00:00:00
220,79.0,2320,78.0,F15+A15+W15+C15F.1+V15+N20.B+H20.L+DF1+VF1,P6,A1,0,32,0/0,0/0,0,0,0.0,0/30,FTDEX,,,2021-06-23 00:00:00
221,80.0,2320,78.0,F15+A15+W15+C15F.1+V15+N20.B+H20.L+DF1+VF1,P6,A1,-2,32,0/0,0/0,0,0,0.0,0/30,FTDEX,,,2021-06-23 00:00:00
222,81.0,2320,78.0,F15+A15+W15+C15F.1+V15+N20.B+H20.L+DF1+VF1,P6,A1,-5,32,0/0,0/0,0,0,0.0,0/30,FTDEX,,,2021-06-23 00:00:00
223,82.0,2320,67.0,F15+A15+W15+C15F.1+V15+N20.B+H20.L+DF1+VF1,Y6,10,B3,32,0/0,0/0,0,0,0.0,0/0,FTDEX,,,2021-06-23 00:00:00
224,83.0,2320,67.0,F15+A15+W15+C15F.1+V15+N20.B+H20.L+DF1+VF1,Y6,15,B3,32,0/0,0/0,0,0,0.0,0/0,FTDEX,,,2021-06-23 00:00:00
225,84.0,2320,67.0,F15+A15+W15+C15F.1+V15+N20.B+H20.L+DF1+VF1,Y6,20,B3,32,0/0,0/0,0,0,0.0,0/0,FTDEX,,,2021-06-23 00:00:00
226,85.0,2320,67.0,F15+A15+W15+C15F.1+V15+N20.B+H20.L+DF1+VF1,Y6,25,B3,32,0/0,0/0,0,0,0.0,0/0,FTDEX,,,2021-06-23 00:00:00
227,86.0,2320,67.0,F15+A15+W15+C15F.1+V15+N20.B+H20.L+DF1+VF1,Y6,5,B3,32,0/0,0/0,0,0,0.0,0/0,FTDEX,,,2021-06-23 00:00:00
228,87.0,2320,67.0,F15+A15+W15+C15F.1+V15+N20.B+H20.L+DF1+VF1,P6,A1,0,32,0/0,0/0,0,0,0.0,0/0,FTDEX,,,2021-06-23 00:00:00
229,88.0,2320,67.0,F15+A15+W15+C15F.1+V15+N20.B+H20.L+DF1+VF1,Y6,0,B3,32,0/0,0/0,0,0,0.0,0/0,FTDEX,,,2021-06-23 00:00:00
230,89.0,2320,67.0,F15+A15+W15+C15F.1+V15+N20.B+H20.L+DF1+VF1,Y6,-5,B3,32,0/0,0/0,0,0,0.0,0/0,FTDEX,,,2021-06-23 00:00:00
231,90.0,2320,67.0,F15+A15+W15+C15F.1+V15+N20.B+H20.L+DF1+VF1,P6,A1,0,32,0/0,0/0,0,0,0.0,0/0,FTDEX,,,2021-06-24 00:00:00
232,91.0,2320,67.0,F15+A15+W15+C15F.1+V15+N20.B+H20.L+DF1+VF1,Y6,15,B3,32,0/0,0/0,0,0,0.0,0/0,FTDEX,,,2021-06-24 00:00:00
233,92.0,2320,67.0,F15+A15+W15+C15F.1+V15+N20.B+H20.L+DF1+VF1,P6,A1,-2,32,0/0,0/0,0,0,0.0,0/0,FTDEX,,,2021-06-24 00:00:00
234,93.0,2320,67.0,F15+A15+W15+C15F.1+V15+N20.B+H20.L+DF1+VF1,P6,A1,-5,32,0/0,0/0,0,0,0.0,0/0,FTDEX,,,2021-06-24 00:00:00
236,95.0,2320,94.0,F15+A15+W15+C15F.1+V15+N20.B+H20.L+DF1+VF1,P6,A1,0,32,0/0,0/0,0,0,0.0,30/0,FTDEX,,,2021-06-24 00:00:00
237,96.0,2320,94.0,F15+A15+W15+C15F.1+V15+N20.B+H20.L+DF1+VF1,P6,A1,-2,32,0/0,0/0,0,0,0.0,30/0,FTDEX,,,2021-06-24 00:00:00
238,97.0,2320,94.0,F15+A15+W15+C15F.1+V15+N20.B+H20.L+DF1+VF1,P6,A1,-5,32,0/0,0/0,0,0,0.0,30/0,FTDEX,,,2021-06-24 00:00:00
240,99.0,2320,98.0,F15+A15+W15+C15F.1+V15+N20.B+H20.L+DF1+VF1,P6,A1,0,32,0/0,0/0,0,0,0.0,30/30,FTDEX,,,2021-06-24 00:00:00
241,100.0,2320,98.0,F15+A15+W15+C15F.1+V15+N20.B+H20.L+DF1+VF1,P6,A1,-2,32,0/0,0/0,0,0,0.0,30/30,FTDEX,,,2021-06-24 00:00:00
242,101.0,2320,98.0,F15+A15+W15+C15F.1+V15+N20.B+H20.L+DF1+VF1,P6,A1,-5,32,0/0,0/0,0,0,0.0,30/30,FTDEX,,,2021-06-24 00:00:00
243,102.0,2320,98.0,F15+A15+W15+C15F.1+V15+N20.B+H20.L+DF1+VF1,P6,A1,-8,32,0/0,0/0,0,0,0.0,30/30,FTDEX,,,2021-06-24 00:00:00
245,104.0,2320,103.0,F15+A15+W15+C15F.1+V15+N20.B+DF1+VF1,P6,A1,0,32,0/0,0/0,,0,0.0,30/30,FTDEX,,,2021-06-24 00:00:00
247,106.0,2320,105.0,F15+A15+W20+C15F.1+V15+N20.B+DF1+VF1,P6,A1,0,32,0/0,0/0,,0,0.0,30/30,FTDEX,,,2021-06-24 00:00:00
248,107.0,2320,105.0,F15+A15+W20+C15F.1+V15+N20.B+DF1+VF1,P6,A1,-2,32,0/0,0/0,,0,0.0,30/30,FTDEX,,,2021-06-24 00:00:00
249,108.0,2320,105.0,F15+A15+W20+C15F.1+V15+N20.B+DF1+VF1,P6,A1,-5,32,0/0,0/0,,0,0.0,30/30,FTDEX,,,2021-06-24 00:00:00
251,110.0,2320,109.0,F15+A15+W20+C15F.1+V15+N20.T+DF1+VF1,P6,A1,0,32,0/0,0/0,,0,0.0,30/30,FTDEX,,,2021-06-24 00:00:00
252,111.0,2320,109.0,F15+A15+W20+C15F.1+V15+N20.T+DF1+VF1,P6,A1,-2,32,0/0,0/0,,0,0.0,30/30,FTDEX,,,2021-06-24 00:00:00
253,112.0,2320,109.0,F15+A15+W20+C15F.1+V15+N20.T+DF1+VF1,P6,A1,-5,32,0/0,0/0,,0,0.0,30/30,FTDEX,,,44371
255,114.0,2320,113.0,F15+A15+W20+C15F.1+V15+N20.T+H20.L+DF1+VF1,P6,A1,0,32,0/0,0/0,0,0,0.0,30/30,FTDEX,,,44371
257,116.0,2320,115.0,F15+A15+W20+N20.T+VF1+H20.L+C15F.1,P6,A1,0,32,0/0,0/0,0,,0.0,30/30,FTDEX,,,44371
258,117.0,2320,115.0,F15+A15+W20+N20.T+VF1+H20.L+C15F.1,Y6,0,B2,32,0/0,0/0,0,,0.0,30/30,FTDEX,,,44371
259,118.0,2320,115.0,F15+A15+W20+N20.T+VF1+H20.L+C15F.1,Y6,10,B2,32,0/0,0/0,0,,0.0,30/30,FTDEX,,,44371
260,119.0,2320,115.0,F15+A15+W20+N20.T+VF1+H20.L+C15F.1,P6,A1,0,32,0/0,0/0,-15,,0.0,30/30,FTDEX,,,44371
261,120.0,2320,115.0,F15+A15+W20+N20.T+VF1+H20.L+C15F.1,P6,A1,0,32,0/0,0/0,-10,,0.0,30/30,FTDEX,,,44371
262,121.0,2320,115.0,F15+A15+W20+N20.T+VF1+H20.L+C15F.1,P6,A1,0,32,0/0,0/0,10,,0.0,30/30,FTDEX,,,2021-06-24 00:00:00
263,122.0,2320,115.0,F15+A15+W20+N20.T+VF1+H20.L+C15F.1,P6,A1,0,32,0/0,0/0,15,,0.0,30/30,FTDEX,,,2021-06-25 00:00:00
264,123.0,2320,115.0,F15+A15+W20+N20.T+VF1+H20.L+C15F.1,Y6,0,B2,32,0/0,0/0,15,,0.0,30/30,FTDEX,,,2021-06-25 00:00:00
266,125.0,2320,124.0,F15+A15+W20+N20.T+H20.L+C15F.1,P6,A1,0,32,0/0,0/0,0,,0.0,30/30,FTDEX,,,2021-06-25 00:00:00
267,126.0,2320,124.0,F15+A15+W20+N20.T+H20.L+C15F.1,Y6,0,B2,32,0/0,0/0,0,,0.0,30/30,FTDEX,,,2021-06-25 00:00:00
269,128.0,2320,127.0,F15+A20+W20+N20.T+V20+C15F.1,P6,A1,0,32,0/0,0/0,,0,0.0,30/30,FTDEX,,,2021-06-25 00:00:00
270,129.0,2320,127.0,F15+A20+W20+N20.T+V20+C15F.1,Y6,0,B2,32,0/0,0/0,,0,0.0,30/30,FTDEX,,,2021-06-25 00:00:00
272,131.0,2320,130.0,F15+A20+W20+N20.T+V20+C15F.1+H20.T,P6,A1,0,40,0/0,0/0,0,0,0.0,30/30,FTDEX,,,2021-06-25 00:00:00
273,132.0,2320,130.0,F15+A20+W20+N20.T+V20+C15F.1+H20.T,P6,A1,0,32,0/0,0/0,0,0,0.0,30/30,FTDEX,,,2021-06-25 00:00:00
274,133.0,2320,130.0,F15+A20+W20+N20.T+V20+C15F.1+H20.T,Y6,0,B2,32,0/0,0/0,0,0,0.0,30/30,FTDEX,,,2021-06-25 00:00:00
276,135.0,2320,134.0,F15+A20+W20+N20.T+V20+C15F.1+H20.T,P6,A1,0,40,0/0,0/0,0,0,0.0,0/0,FTDEX,,,2021-06-25 00:00:00
277,136.0,2320,134.0,F15+A20+W20+N20.T+V20+C15F.1+H20.T,P6,A1,0,32,0/0,0/0,0,0,0.0,0/0,FTDEX,,,2021-06-25 00:00:00
278,137.0,2320,134.0,F15+A20+W20+N20.T+V20+C15F.1+H20.T,P6,A1,-10,32,0/0,0/0,0,0,0.0,0/0,FTDEX,,,2021-06-25 00:00:00
279,138.0,2320,134.0,F15+A20+W20+N20.T+V20+C15F.1+H20.T,P6,A1,-8,32,0/0,0/0,0,0,0.0,0/0,FTDEX,,,2021-06-25 00:00:00
280,139.0,2320,134.0,F15+A20+W20+N20.T+V20+C15F.1+H20.T,P6,A1,-5,32,0/0,0/0,0,0,0.0,0/0,FTDEX,,,2021-06-25 00:00:00
281,140.0,2320,134.0,F15+A20+W20+N20.T+V20+C15F.1+H20.T,P6,A1,-2,32,0/0,0/0,0,0,0.0,0/0,FTDEX,,,2021-06-25 00:00:00
282,141.0,2320,134.0,F15+A20+W20+N20.T+V20+C15F.1+H20.T,P6,A1,2,32,0/0,0/0,0,0,0.0,0/0,FTDEX,,,2021-06-25 00:00:00
283,142.0,2320,134.0,F15+A20+W20+N20.T+V20+C15F.1+H20.T,P6,A1,5,32,0/0,0/0,0,0,0.0,0/0,FTDEX,,,2021-06-25 00:00:00
285,144.0,2320,143.0,F15+A20+W20+N20.T+NSRD+V20+C15F.1+H20.T,P6,A1,0,32,0/0,0/0,0,0,0.0,0/0,FTDEX,,,2021-06-25 00:00:00
287,146.0,2320,145.0,F15+A20+W20+N20.T+NSRD+V20+C15F.1+H20.T,P6,A1.C,0,32,0/0,0/0,0,0,0.0,Alt Cruise,FTDEX,,,2021-06-25 00:00:00
289,148.0,2320,147.0,F15+A20+W20+N20.T+NSRD+V20+C15F.1+H20.T,P6,A1.C,0,32,0/0,0/0,0,0,0.0,OGEE,FTDEX,,,2021-06-25 00:00:00
294,2.0,2326,1.0,F15+A20+W20+N20.T+V20+H20.T,P6,A1.B,0,32,0/0,0/0,0,0,,0/0,FTDEX,,,2021-09-22 00:00:00
295,3.0,2326,1.0,F15+A20+W20+N20.T+V20+H20.T,P6,A1.B,-5,32,0/0,0/0,0,0,,0/0,FTDEX,,,2021-09-22 00:00:00
296,4.0,2326,1.0,F15+A20+W20+N20.T+V20+H20.T,P6,A1.B,-10,32,0/0,0/0,0,0,,0/0,FTDEX,,,2021-09-22 00:00:00
297,5.0,2326,1.0,F15+A20+W20+N20.T+V20+H20.T,Y6,0,B1,32,0/0,0/0,0,0,,0/0,FTDEX,,,2021-09-22 00:00:00
299,7.0,2326,6.0,F15+A20+W20+N20.T+V20+H20.T+C15.F,P6,A1.B,0,32,0/0,0/0,0,0,0,0/0,FTDEX,,,2021-09-22 00:00:00
300,8.0,2326,6.0,F15+A20+W20+N20.T+V20+H20.T+C15.F,P6,A1.B,-10,32,0/0,0/0,0,0,0,0/0,FTDEX,,,2021-09-22 00:00:00
302,10.0,2326,9.0,F15+A20+W20+N20.T+V20+H20.M+C15.F,P6,A1.B,0,32,0/0,0/0,0,0,0,0/0,FTDEX,,,2021-09-23 00:00:00
303,11.0,2326,9.0,F15+A20+W20+N20.T+V20+H20.M+C15.F,P6,A1.B,-2,32,0/0,0/0,0,0,0,0/0,FTDEX,,,2021-09-23 00:00:00
304,12.0,2326,9.0,F15+A20+W20+N20.T+V20+H20.M+C15.F,P6,A1.B,-5,32,0/0,0/0,0,0,0,0/0,FTDEX,,,2021-09-23 00:00:00
305,13.0,2326,9.0,F15+A20+W20+N20.T+V20+H20.M+C15.F,P6,A1.B,-10,32,0/0,0/0,0,0,0,0/0,FTDEX,,,2021-09-23 00:00:00
306,14.0,2326,9.0,F15+A20+W20+N20.T+V20+H20.M+C15.F,Y6,0,B1,32,0/0,0/0,0,0,0,0/0,FTDEX,,,2021-09-23 00:00:00
307,15.0,2326,9.0,F15+A20+W20+N20.T+V20+H20.M+C15.F,Y6,10,B1,32,0/0,0/0,0,0,0,0/0,FTDEX,,,2021-09-23 00:00:00
309,17.0,2326,16.0,F15+A20+W20+N20.T+V20+H20.M+C15.F,P6,A1.B,0,32,0/0,0/0,15,0,0,0/0,FTDEX,,,2021-09-23 00:00:00
310,18.0,2326,16.0,F15+A20+W20+N20.T+V20+H20.M+C15.F,P6,A1.B,-2,32,0/0,0/0,15,0,0,0/0,FTDEX,,,2021-09-23 00:00:00
311,19.0,2326,16.0,F15+A20+W20+N20.T+V20+H20.M+C15.F,P6,A1.B,-5,32,0/0,0/0,15,0,0,0/0,FTDEX,,,2021-09-23 00:00:00
312,20.0,2326,16.0,F15+A20+W20+N20.T+V20+H20.M+C15.F,P6,A1.B,-10,32,0/0,0/0,15,0,0,0/0,FTDEX,,,2021-09-23 00:00:00
313,21.0,2326,16.0,F15+A20+W20+N20.T+V20+H20.M+C15.F,Y6,0,B1,32,0/0,0/0,15,0,0,0/0,FTDEX,,,2021-09-23 00:00:00
314,22.0,2326,16.0,F15+A20+W20+N20.T+V20+H20.M+C15.F,Y6,10,B1,32,0/0,0/0,15,0,0,0/0,FTDEX,,,2021-09-23 00:00:00
316,24.0,2326,23.0,F15+A20+W20+N20.T+V20+H20.M+C15.F,P6,A1.B,0,32,0/0,0/0,5,0,0,0/0,FTDEX,,,2021-09-23 00:00:00
317,25.0,2326,23.0,F15+A20+W20+N20.T+V20+H20.M+C15.F,P6,A1.B,-2,32,0/0,0/0,5,0,0,0/0,FTDEX,,,2021-09-23 00:00:00
318,26.0,2326,23.0,F15+A20+W20+N20.T+V20+H20.M+C15.F,P6,A1.B,-5,32,0/0,0/0,5,0,0,0/0,FTDEX,,,2021-09-23 00:00:00
319,27.0,2326,23.0,F15+A20+W20+N20.T+V20+H20.M+C15.F,P6,A1.B,-10,32,0/0,0/0,5,0,0,0/0,FTDEX,,,2021-09-23 00:00:00
320,28.0,2326,23.0,F15+A20+W20+N20.T+V20+H20.M+C15.F,Y6,0,B1,32,0/0,0/0,5,0,0,0/0,FTDEX,,,2021-09-23 00:00:00
321,29.0,2326,23.0,F15+A20+W20+N20.T+V20+H20.M+C15.F,Y6,10,B1,32,0/0,0/0,5,0,0,0/0,FTDEX,,,2021-09-23 00:00:00
323,31.0,2326,30.0,F15+A20+W20+N20.T+V20+H20.M+C15.F,P6,A1.B,0,32,0/0,0/0,-5,0,0,0/0,FTDEX,,,2021-09-23 00:00:00
324,32.0,2326,30.0,F15+A20+W20+N20.T+V20+H20.M+C15.F,P6,A1.B,-2,32,0/0,0/0,-5,0,0,0/0,FTDEX,,,2021-09-23 00:00:00
325,33.0,2326,30.0,F15+A20+W20+N20.T+V20+H20.M+C15.F,P6,A1.B,-5,32,0/0,0/0,-5,0,0,0/0,FTDEX,,,2021-09-23 00:00:00
326,34.0,2326,30.0,F15+A20+W20+N20.T+V20+H20.M+C15.F,P6,A1.B,-10,32,0/0,0/0,-5,0,0,0/0,FTDEX,,,2021-09-23 00:00:00
327,35.0,2326,30.0,F15+A20+W20+N20.T+V20+H20.M+C15.F,Y6,0,B1,32,0/0,0/0,-5,0,0,0/0,FTDEX,,,2021-09-23 00:00:00
328,36.0,2326,30.0,F15+A20+W20+N20.T+V20+H20.M+C15.F,Y6,10,B1,32,0/0,0/0,-5,0,0,0/0,FTDEX,,,2021-09-23 00:00:00
330,38.0,2326,37.0,F15+A20+W20+N20.T+V20+H20.M+C15.F,P6,A1.B,0,32,0/0,0/0,-15,0,0,0/0,FTDEX,,,2021-09-23 00:00:00
331,39.0,2326,37.0,F15+A20+W20+N20.T+V20+H20.M+C15.F,P6,A1.B,-2,32,0/0,0/0,-15,0,0,0/0,FTDEX,,,2021-09-23 00:00:00
332,40.0,2326,37.0,F15+A20+W20+N20.T+V20+H20.M+C15.F,P6,A1.B,-5,32,0/0,0/0,-15,0,0,0/0,FTDEX,,,2021-09-23 00:00:00
333,41.0,2326,37.0,F15+A20+W20+N20.T+V20+H20.M+C15.F,P6,A1.B,-10,32,0/0,0/0,-15,0,0,0/0,FTDEX,,,2021-09-23 00:00:00
334,42.0,2326,37.0,F15+A20+W20+N20.T+V20+H20.M+C15.F,Y6,0,B1,32,0/0,0/0,-15,0,0,0/0,FTDEX,,,2021-09-23 00:00:00
335,43.0,2326,37.0,F15+A20+W20+N20.T+V20+H20.M+C15.F,Y6,10,B1,32,0/0,0/0,-15,0,0,0/0,FTDEX,,,2021-09-23 00:00:00
337,45.0,2326,44.0,F15+A20+W20+N20.T+V20+H20.T+C15.F,P6,A1.B,0,32,0/0,0/0,0,10,0,0/0,FTDEX,,,2021-09-23 00:00:00
339,47.0,2326,44.0,F15+A20+W20+N20.T+V20+H20.T+C15.F,P6,A1.B,-2,32,0/0,0/0,0,10,0,0/0,FTDEX,,,2021-09-23 00:00:00
340,48.0,2326,44.0,F15+A20+W20+N20.T+V20+H20.T+C15.F,P6,A1.B,-5,32,0/0,0/0,0,10,0,0/0,FTDEX,,,2021-09-23 00:00:00
341,49.0,2326,44.0,F15+A20+W20+N20.T+V20+H20.T+C15.F,P6,A1.B,-10,32,0/0,0/0,0,10,0,0/0,FTDEX,,,2021-09-23 00:00:00
342,50.0,2326,44.0,F15+A20+W20+N20.T+V20+H20.T+C15.F,Y6,0,B1,32,0/0,0/0,0,10,0,0/0,FTDEX,,,2021-09-23 00:00:00
343,51.0,2326,44.0,F15+A20+W20+N20.T+V20+H20.T+C15.F,Y6,5,B1,32,0/0,0/0,0,10,0,0/0,FTDEX,,,2021-09-23 00:00:00
344,52.0,2326,44.0,F15+A20+W20+N20.T+V20+H20.T+C15.F,Y6,10,B1,32,0/0,0/0,0,10,0,0/0,FTDEX,,,2021-09-23 00:00:00
345,53.0,2326,44.0,F15+A20+W20+N20.T+V20+H20.T+C15.F,Y6,15,B1,32,0/0,0/0,0,10,0,0/0,FTDEX,,,2021-09-23 00:00:00
346,54.0,2326,44.0,F15+A20+W20+N20.T+V20+H20.T+C15.F,Y6,20,B1,32,0/0,0/0,0,10,0,0/0,FTDEX,,,2021-09-23 00:00:00
348,56.0,2326,65.0,F15+A20+W20+N20.T+V20+H20.T+C15.F,P6,A1.B,0,32,0/0,0/0,0,20,0,0/0,FTDEX,,,2021-09-23 00:00:00
349,57.0,2326,65.0,F15+A20+W20+N20.T+V20+H20.T+C15.F,P6,A1.B,-2,32,0/0,0/0,0,20,0,0/0,FTDEX,,,2021-09-23 00:00:00
350,58.0,2326,65.0,F15+A20+W20+N20.T+V20+H20.T+C15.F,P6,A1.B,-5,32,0/0,0/0,0,20,0,0/0,FTDEX,,,2021-09-23 00:00:00
351,59.0,2326,65.0,F15+A20+W20+N20.T+V20+H20.T+C15.F,P6,A1.B,-10,32,0/0,0/0,0,20,0,0/0,FTDEX,,,2021-09-23 00:00:00
352,60.0,2326,65.0,F15+A20+W20+N20.T+V20+H20.T+C15.F,Y6,0,B1,32,0/0,0/0,0,20,0,0/0,FTDEX,,,2021-09-23 00:00:00
353,61.0,2326,65.0,F15+A20+W20+N20.T+V20+H20.T+C15.F,Y6,5,B1,32,0/0,0/0,0,20,0,0/0,FTDEX,,,2021-09-23 00:00:00
354,62.0,2326,65.0,F15+A20+W20+N20.T+V20+H20.T+C15.F,Y6,10,B1,32,0/0,0/0,0,20,0,0/0,FTDEX,,,2021-09-23 00:00:00
355,63.0,2326,65.0,F15+A20+W20+N20.T+V20+H20.T+C15.F,Y6,15,B1,32,0/0,0/0,0,20,0,0/0,FTDEX,,,2021-09-23 00:00:00
356,64.0,2326,65.0,F15+A20+W20+N20.T+V20+H20.T+C15.F,Y6,20,B1,32,0/0,0/0,0,20,0,0/0,FTDEX,,,2021-09-23 00:00:00
359,67.0,2326,66.0,F15+A20+W20+N20.T+V20+C15.F,P6,A1.B,0,32,0/0,0/0,,0,0,0/0,FTDEX,,,2021-09-23 00:00:00
360,68.0,2326,66.0,F15+A20+W20+N20.T+V20+C15.F,P6,A1.B,-5,32,0/0,0/0,,0,0,0/0,FTDEX,,,2021-09-23 00:00:00
361,69.0,2326,66.0,F15+A20+W20+N20.T+V20+C15.F,P6,A1.B,-10,32,0/0,0/0,,0,0,0/0,FTDEX,,,2021-09-23 00:00:00
362,70.0,2326,66.0,F15+A20+W20+N20.T+V20+C15.F,Y6,0,B1,32,0/0,0/0,,0,0,0/0,FTDEX,,,2021-09-23 00:00:00
363,71.0,2326,66.0,F15+A20+W20+N20.T+V20+C15.F,Y6,10,B1,32,0/0,0/0,0,0,0,0/0,FTDEX,,,2021-09-23 00:00:00
365,73.0,2326,72.0,F15+A20+W20+N20.T+V20+H20.T+C15.F,P6,A1.B,0,32,0/0,0/0,0,0,30,0/0,FTDEX,,,2021-09-24 00:00:00
366,74.0,2326,72.0,F15+A20+W20+N20.T+V20+H20.T+C15.F,P6,A1.B,-2,32,0/0,0/0,0,0,30,0/0,FTDEX,,,2021-09-24 00:00:00
367,75.0,2326,72.0,F15+A20+W20+N20.T+V20+H20.T+C15.F,P6,A1.B,-5,32,0/0,0/0,0,0,30,0/0,FTDEX,,,2021-09-24 00:00:00
368,76.0,2326,72.0,F15+A20+W20+N20.T+V20+H20.T+C15.F,P6,A1.B,-10,32,0/0,0/0,0,0,30,0/0,FTDEX,,,2021-09-24 00:00:00
369,77.0,2326,72.0,F15+A20+W20+N20.T+V20+H20.T+C15.F,Y6,0,B1,32,0/0,0/0,0,0,30,0/0,FTDEX,,,2021-09-24 00:00:00
370,78.0,2326,72.0,F15+A20+W20+N20.T+V20+H20.T+C15.F,Y6,10,B1,32,0/0,0/0,0,0,30,0/0,FTDEX,,,2021-09-24 00:00:00
372,80.0,2326,79.0,F15+A20+W20+N20.T+V20+H20.T+C15.F,P6,A1.B,0,32,0/0,0/0,0,0,20,0/0,FTDEX,,,2021-09-24 00:00:00
373,81.0,2326,79.0,F15+A20+W20+N20.T+V20+H20.T+C15.F,P6,A1.B,-2,32,0/0,0/0,0,0,20,0/0,FTDEX,,,2021-09-24 00:00:00
374,82.0,2326,79.0,F15+A20+W20+N20.T+V20+H20.T+C15.F,P6,A1.B,-5,32,0/0,0/0,0,0,20,0/0,FTDEX,,,2021-09-24 00:00:00
375,83.0,2326,79.0,F15+A20+W20+N20.T+V20+H20.T+C15.F,P6,A1.B,-10,32,0/0,0/0,0,0,20,0/0,FTDEX,,,2021-09-24 00:00:00
376,84.0,2326,79.0,F15+A20+W20+N20.T+V20+H20.T+C15.F,P6,A1.B,-10,32,0/0,0/0,0,0,20,0/0,FTDEX,,,2021-09-24 00:00:00
377,85.0,2326,79.0,F15+A20+W20+N20.T+V20+H20.T+C15.F,Y6,0,B1,32,0/0,0/0,0,0,20,0/0,FTDEX,,,2021-09-24 00:00:00
378,86.0,2326,79.0,F15+A20+W20+N20.T+V20+H20.T+C15.F,Y6,10,B1,32,0/0,0/0,0,0,20,0/0,FTDEX,,,2021-09-24 00:00:00
380,88.0,2326,87.0,F15+A20+W20+N20.T+V20+H20.T+C15.F,P6,A1.B,0,32,0/0,0/0,0,0,5,0/0,FTDEX,,,2021-09-24 00:00:00
381,89.0,2326,87.0,F15+A20+W20+N20.T+V20+H20.T+C15.F,P6,A1.B,-2,32,0/0,0/0,0,0,5,0/0,FTDEX,,,2021-09-24 00:00:00
382,90.0,2326,87.0,F15+A20+W20+N20.T+V20+H20.T+C15.F,P6,A1.B,-5,32,0/0,0/0,0,0,5,0/0,FTDEX,,,2021-09-24 00:00:00
383,91.0,2326,87.0,F15+A20+W20+N20.T+V20+H20.T+C15.F,P6,A1.B,-10,32,0/0,0/0,0,0,5,0/0,FTDEX,,,2021-09-24 00:00:00
384,92.0,2326,87.0,F15+A20+W20+N20.T+V20+H20.T+C15.F,Y6,0,B1,32,0/0,0/0,0,0,5,0/0,FTDEX,,,2021-09-24 00:00:00
385,93.0,2326,87.0,F15+A20+W20+N20.T+V20+H20.T+C15.F,Y6,10,B1,32,0/0,0/0,0,0,5,0/0,FTDEX,,,2021-09-24 00:00:00
387,95.0,2326,94.0,F15+A20+W20+N20.T+V20+H20.T+C15.F,P6,A1.B,0,32,0/0,0/0,0,0,15,0/0,FTDEX,,,2021-09-24 00:00:00
388,96.0,2326,94.0,F15+A20+W20+N20.T+V20+H20.T+C15.F,P6,A1.B,-2,32,0/0,0/0,0,0,15,0/0,FTDEX,,,2021-09-24 00:00:00
389,97.0,2326,94.0,F15+A20+W20+N20.T+V20+H20.T+C15.F,P6,A1.B,-5,32,0/0,0/0,0,0,15,0/0,FTDEX,,,2021-09-24 00:00:00
390,98.0,2326,94.0,F15+A20+W20+N20.T+V20+H20.T+C15.F,P6,A1.B,-10,32,0/0,0/0,0,0,15,0/0,FTDEX,,,2021-09-24 00:00:00
391,99.0,2326,94.0,F15+A20+W20+N20.T+V20+H20.T+C15.F,Y6,0,B1,32,0/0,0/0,0,0,15,0/0,FTDEX,,,2021-09-24 00:00:00
392,100.0,2326,94.0,F15+A20+W20+N20.T+V20+H20.T+C15.F,Y6,10,B1,32,0/0,0/0,0,0,15,0/0,FTDEX,,,2021-09-24 00:00:00
394,102.0,2326,101.0,F15+A20+W20+N20.T+V20+H20.T+C15.F,P6,A1.B,0,32,0/0,0/0,0,0,-5,0/0,FTDEX,,,2021-09-24 00:00:00
395,103.0,2326,101.0,F15+A20+W20+N20.T+V20+H20.T+C15.F,P6,A1.B,-2,32,0/0,0/0,0,0,-5,0/0,FTDEX,,,2021-09-24 00:00:00
396,104.0,2326,101.0,F15+A20+W20+N20.T+V20+H20.T+C15.F,P6,A1.B,-5,32,0/0,0/0,0,0,-5,0/0,FTDEX,,,2021-09-24 00:00:00
397,105.0,2326,101.0,F15+A20+W20+N20.T+V20+H20.T+C15.F,P6,A1.B,-10,32,0/0,0/0,0,0,-5,0/0,FTDEX,,,2021-09-24 00:00:00
398,106.0,2326,101.0,F15+A20+W20+N20.T+V20+H20.T+C15.F,Y6,0,B1,32,0/0,0/0,0,0,-5,0/0,FTDEX,,,2021-09-24 00:00:00
399,107.0,2326,101.0,F15+A20+W20+N20.T+V20+H20.T+C15.F,Y6,10,B1,32,0/0,0/0,0,0,-5,0/0,FTDEX,,,2021-09-24 00:00:00
400,108.0,2326,101.0,F15+A20+W20+N20.T+V20+H20.T+C15.F,Y6,0,B1,40,0/0,0/0,0,0,-5,0/0,FTDEX,,,2021-09-24 00:00:00
402,110.0,2326,109.0,F15+A20+W20+N20.T+V20+H20.T+C15.F,P6,A1.B,0,32,0/0,0/0,0,0,-15,0/0,FTDEX,,,2021-09-24 00:00:00
403,111.0,2326,109.0,F15+A20+W20+N20.T+V20+H20.T+C15.F,P6,A1.B,-2,32,0/0,0/0,0,0,-15,0/0,FTDEX,,,2021-09-24 00:00:00
404,112.0,2326,109.0,F15+A20+W20+N20.T+V20+H20.T+C15.F,P6,A1.B,-5,32,0/0,0/0,0,0,-15,0/0,FTDEX,,,2021-09-24 00:00:00
405,113.0,2326,109.0,F15+A20+W20+N20.T+V20+H20.T+C15.F,P6,A1.B,-10,32,0/0,0/0,0,0,-15,0/0,FTDEX,,,2021-09-24 00:00:00
406,114.0,2326,109.0,F15+A20+W20+N20.T+V20+H20.T+C15.F,Y6,0,B1,32,0/0,0/0,0,0,-15,0/0,FTDEX,,,2021-09-24 00:00:00
407,115.0,2326,109.0,F15+A20+W20+N20.T+V20+H20.T+C15.F,Y6,10,B1,32,0/0,0/0,0,0,-15,0/0,FTDEX,,,2021-09-24 00:00:00
409,117.0,2326,116.0,F15+A20+W20+N20.T+V20+H20.T+C15.F,P6,A1.B,0,32,0/0,0/0,0,0,-30,0/0,FTDEX,,,2021-09-24 00:00:00
410,118.0,2326,116.0,F15+A20+W20+N20.T+V20+H20.T+C15.F,P6,A1.B,-2,32,0/0,0/0,0,0,-30,0/0,FTDEX,,,2021-09-24 00:00:00
411,119.0,2326,116.0,F15+A20+W20+N20.T+V20+H20.T+C15.F,P6,A1.B,-5,32,0/0,0/0,0,0,-30,0/0,FTDEX,,,2021-09-24 00:00:00
412,120.0,2326,116.0,F15+A20+W20+N20.T+V20+H20.T+C15.F,P6,A1.B,-10,32,0/0,0/0,0,0,-30,0/0,FTDEX,,,2021-09-24 00:00:00
413,121.0,2326,116.0,F15+A20+W20+N20.T+V20+H20.T+C15.F,Y6,0,B1,32,0/0,0/0,0,0,-30,0/0,FTDEX,,,2021-09-24 00:00:00
414,122.0,2326,116.0,F15+A20+W20+N20.T+V20+H20.T+C15.F,Y6,10,B1,32,0/0,0/0,0,0,-30,0/0,FTDEX,,,2021-09-24 00:00:00
415,123.0,2326,6.0,F15+A20+W20+N20.T+V20+H20.T+C15.F,P6,A1.B,0,32,0/0,0/0,0,0,0,0/0,FTDEX,,,2021-09-24 00:00:00
417,125.0,2326,124.0,F15+A20+W20+N20.T+V20+H20.T+C15.F,P6,A1.B,0,32,0/0,25R/-25R,0,0,0,0/0,FTDEX,,,2021-09-27 00:00:00
418,126.0,2326,124.0,F15+A20+W20+N20.T+V20+H20.T+C15.F,P6,A1.B,-2,32,0/0,25R/-25R,0,0,0,0/0,FTDEX,,,2021-09-27 00:00:00
419,127.0,2326,124.0,F15+A20+W20+N20.T+V20+H20.T+C15.F,P6,A1.B,-5,32,0/0,25R/-25R,0,0,0,0/0,FTDEX,,,2021-09-27 00:00:00
420,128.0,2326,124.0,F15+A20+W20+N20.T+V20+H20.T+C15.F,P6,A1.B,-10,32,0/0,25R/-25R,0,0,0,0/0,FTDEX,,,2021-09-27 00:00:00
421,129.0,2326,124.0,F15+A20+W20+N20.T+V20+H20.T+C15.F,Y6,0,B1,32,0/0,25R/-25R,0,0,0,0/0,FTDEX,,,2021-09-27 00:00:00
422,130.0,2326,124.0,F15+A20+W20+N20.T+V20+H20.T+C15.F,Y6,10,B1,32,0/0,25R/-25R,0,0,0,0/0,FTDEX,,,2021-09-27 00:00:00
424,132.0,2326,131.0,F15+A20+W20+N20.T+V20+H20.T+C15.F,P6,A1.B,0,32,0/0,10R/-10R,0,0,0,0/0,FTDEX,,,2021-09-27 00:00:00
425,133.0,2326,131.0,F15+A20+W20+N20.T+V20+H20.T+C15.F,P6,A1.B,-2,32,0/0,10R/-10R,0,0,0,0/0,FTDEX,,,2021-09-27 00:00:00
426,134.0,2326,131.0,F15+A20+W20+N20.T+V20+H20.T+C15.F,P6,A1.B,-5,32,0/0,10R/-10R,0,0,0,0/0,FTDEX,,,2021-09-27 00:00:00
427,135.0,2326,131.0,F15+A20+W20+N20.T+V20+H20.T+C15.F,P6,A1.B,-10,32,0/0,10R/-10R,0,0,0,0/0,FTDEX,,,2021-09-27 00:00:00
428,136.0,2326,131.0,F15+A20+W20+N20.T+V20+H20.T+C15.F,Y6,0,B1,32,0/0,10R/-10R,0,0,0,0/0,FTDEX,,,2021-09-27 00:00:00
429,137.0,2326,131.0,F15+A20+W20+N20.T+V20+H20.T+C15.F,Y6,10,B1,32,0/0,10R/-10R,0,0,0,0/0,FTDEX,,,2021-09-27 00:00:00
431,139.0,2326,138.0,F15+A20+W20+N20.T+V20+H20.T+C15.F,P6,A1.B,0,32,10/10,10R/10R,0,0,0,0/0,FTDEX,,,2021-09-27 00:00:00
432,140.0,2326,138.0,F15+A20+W20+N20.T+V20+H20.T+C15.F,P6,A1.B,-2,32,10/10,10R/10R,0,0,0,0/0,FTDEX,,,2021-09-27 00:00:00
433,141.0,2326,138.0,F15+A20+W20+N20.T+V20+H20.T+C15.F,P6,A1.B,-5,32,10/10,10R/10R,0,0,0,0/0,FTDEX,,,2021-09-27 00:00:00
434,142.0,2326,138.0,F15+A20+W20+N20.T+V20+H20.T+C15.F,P6,A1.B,-10,32,10/10,10R/10R,0,0,0,0/0,FTDEX,,,2021-09-27 00:00:00
435,143.0,2326,138.0,F15+A20+W20+N20.T+V20+H20.T+C15.F,Y6,0,B3,32,10/10,10R/10R,0,0,0,0/0,FTDEX,,,2021-09-27 00:00:00
436,144.0,2326,138.0,F15+A20+W20+N20.T+V20+H20.T+C15.F,Y6,10,B3,32,10/10,10R/10R,0,0,0,0/0,FTDEX,,,2021-09-27 00:00:00
438,146.0,2326,145.0,F15+A20+W20+N20.T+V20+H20.T+C15.F,P6,A1.B,0,32,0/0,0/0,0,0,0,0/15,FTDEX,,,2021-09-27 00:00:00
439,147.0,2326,145.0,F15+A20+W20+N20.T+V20+H20.T+C15.F,P6,A1.B,-5,32,0/0,0/0,0,0,0,0/15,FTDEX,,,2021-09-27 00:00:00
440,148.0,2326,145.0,F15+A20+W20+N20.T+V20+H20.T+C15.F,P6,A1.B,-10,32,0/0,0/0,0,0,0,0/15,FTDEX,,,2021-09-27 00:00:00
442,150.0,2326,149.0,F15+A20+W20+N20.T+V20+H20.T+C15.F,P6,A1.B,0,32,0/0,0/0,0,0,0,15/15,FTDEX,,,2021-09-27 00:00:00
444,152.0,2326,151.0,F15+A20+W20+N20.T+V20+H20.T+C15.F,P6,A1.B,0,32,0/0,0/0,0,0,0,30/30,FTDEX,,,2021-09-27 00:00:00
447,155.0,2326,154.0,F15+A15+W15+N20.B+V15.1+DF.1+VF.1+H20.L+C15.F,P6,A1.B,0,32,0/0,0/0,0,0,0,0/0,FTDEX,,,2021-09-28 00:00:00
449,157.0,2326,156.0,F15+A15+W15+N20.B+V15.1+DF.1+VF.1+H20.L+C15.F,P6,A1.B,0,32,0/0,0/0,0,10,0,0/0,FTDEX,,,2021-09-28 00:00:00
450,158.0,2326,156.0,F15+A15+W15+N20.B+V15.1+DF.1+VF.1+H20.L+C15.F,P6,A1.B,-2,32,0/0,0/0,0,10,0,0/0,FTDEX,,,2021-09-28 00:00:00
451,159.0,2326,156.0,F15+A15+W15+N20.B+V15.1+DF.1+VF.1+H20.L+C15.F,P6,A1.B,-5,32,0/0,0/0,0,10,0,0/0,FTDEX,,,2021-09-28 00:00:00
452,160.0,2326,156.0,F15+A15+W15+N20.B+V15.1+DF.1+VF.1+H20.L+C15.F,P6,A1.B,-10,32,0/0,0/0,0,10,0,0/0,FTDEX,,,2021-09-28 00:00:00
453,161.0,2326,156.0,F15+A15+W15+N20.B+V15.1+DF.1+VF.1+H20.L+C15.F,Y6,0,B1,32,0/0,0/0,0,10,0,0/0,FTDEX,,,2021-09-28 00:00:00
454,162.0,2326,156.0,F15+A15+W15+N20.B+V15.1+DF.1+VF.1+H20.L+C15.F,Y6,5,B1,32,0/0,0/0,0,10,0,0/0,FTDEX,,,2021-09-28 00:00:00
455,163.0,2326,156.0,F15+A15+W15+N20.B+V15.1+DF.1+VF.1+H20.L+C15.F,Y6,10,B1,32,0/0,0/0,0,10,0,0/0,FTDEX,,,2021-09-28 00:00:00
456,164.0,2326,156.0,F15+A15+W15+N20.B+V15.1+DF.1+VF.1+H20.L+C15.F,Y6,15,B1,32,0/0,0/0,0,10,0,0/0,FTDEX,,,2021-09-28 00:00:00
457,165.0,2326,156.0,F15+A15+W15+N20.B+V15.1+DF.1+VF.1+H20.L+C15.F,Y6,20,B1,32,0/0,0/0,0,10,0,0/0,FTDEX,,,2021-09-28 00:00:00
459,167.0,2326,166.0,F15+A15+W15+N20.B+V15.1+DF.1+VF.1+H20.L+C15.F,P6,A1.B,0,32,0/0,0/0,0,25,0,0/0,FTDEX,,,2021-09-28 00:00:00
460,168.0,2326,166.0,F15+A15+W15+N20.B+V15.1+DF.1+VF.1+H20.L+C15.F,P6,A1.B,-2,32,0/0,0/0,0,25,0,0/0,FTDEX,,,2021-09-28 00:00:00
461,169.0,2326,166.0,F15+A15+W15+N20.B+V15.1+DF.1+VF.1+H20.L+C15.F,P6,A1.B,-5,32,0/0,0/0,0,25,0,0/0,FTDEX,,,2021-09-28 00:00:00
462,170.0,2326,166.0,F15+A15+W15+N20.B+V15.1+DF.1+VF.1+H20.L+C15.F,P6,A1.B,-10,32,0/0,0/0,0,25,0,0/0,FTDEX,,,2021-09-28 00:00:00
463,171.0,2326,166.0,F15+A15+W15+N20.B+V15.1+DF.1+VF.1+H20.L+C15.F,Y6,0,B1,32,0/0,0/0,0,25,0,0/0,FTDEX,,,2021-09-28 00:00:00
464,172.0,2326,166.0,F15+A15+W15+N20.B+V15.1+DF.1+VF.1+H20.L+C15.F,Y6,5,B1,32,0/0,0/0,0,25,0,0/0,FTDEX,,,2021-09-28 00:00:00
465,173.0,2326,166.0,F15+A15+W15+N20.B+V15.1+DF.1+VF.1+H20.L+C15.F,Y6,10,B1,32,0/0,0/0,0,25,0,0/0,FTDEX,,,2021-09-28 00:00:00
466,174.0,2326,166.0,F15+A15+W15+N20.B+V15.1+DF.1+VF.1+H20.L+C15.F,Y6,15,B1,32,0/0,0/0,0,25,0,0/0,FTDEX,,,2021-09-28 00:00:00
467,175.0,2326,166.0,F15+A15+W15+N20.B+V15.1+DF.1+VF.1+H20.L+C15.F,Y6,20,B1,32,0/0,0/0,0,25,0,0/0,FTDEX,,,2021-09-28 00:00:00
469,177.0,2326,176.0,F15+A15+W15+N20.B+V15.1+DF.1+VF.1+H20.L+C15.F,P6,A1.B,0,32,0/0,0/0,0,0,0,0/15,FTDEX,,,2021-09-28 00:00:00
470,178.0,2326,176.0,F15+A15+W15+N20.B+V15.1+DF.1+VF.1+H20.L+C15.F,P6,A1.B,-5,32,0/0,0/0,0,0,0,0/15,FTDEX,,,2021-09-28 00:00:00
471,179.0,2326,176.0,F15+A15+W15+N20.B+V15.1+DF.1+VF.1+H20.L+C15.F,P6,A1.B,-10,32,0/0,0/0,0,0,0,0/15,FTDEX,,,2021-09-28 00:00:00
473,181.0,2326,180.0,F15+A15+W15+N20.B+V15.1+DF.1+VF.1+H20.L+C15.F,P6,A1.B,0,32,0/0,0/0,0,0,0,15/15,FTDEX,,,2021-09-28 00:00:00
474,182.0,2326,180.0,F15+A15+W15+N20.B+V15.1+DF.1+VF.1+H20.L+C15.F,P6,A1.B,-5,32,0/0,0/0,0,0,0,15/15,FTDEX,,,2021-09-28 00:00:00
475,183.0,2326,180.0,F15+A15+W15+N20.B+V15.1+DF.1+VF.1+H20.L+C15.F,P6,A1.B,-10,32,0/0,0/0,0,0,0,15/15,FTDEX,,,2021-09-28 00:00:00
477,185.0,2326,184.0,F15+A15+W15+N20.B+V15.1+DF.1+VF.1+H20.L+C15.F,P6,A1.B,0,32,0/0,0/0,0,0,0,15/0,FTDEX,,,2021-09-28 00:00:00
478,186.0,2326,184.0,F15+A15+W15+N20.B+V15.1+DF.1+VF.1+H20.L+C15.F,P6,A1.B,-5,32,0/0,0/0,0,0,0,15/0,FTDEX,,,2021-09-28 00:00:00
479,187.0,2326,184.0,F15+A15+W15+N20.B+V15.1+DF.1+VF.1+H20.L+C15.F,P6,A1.B,-10,32,0/0,0/0,0,0,0,15/0,FTDEX,,,2021-09-28 00:00:00
480,188.0,2326,154.0,F15+A15+W15+N20.B+V15.1+DF.1+VF.1+H20.L+C15.F,P6,A1.B,0,32,0/0,0/0,0,0,0,0/0,FTDEX,,,2021-09-28 00:00:00
482,190.0,2326,189.0,F15+A15+W15+N20.B+V15.1+DF.1+VF.1+H20.L+C15.F,P6,A1.B,0,32,0/0,10R/-10R,0,0,0,0/0,FTDEX,,,2021-09-28 00:00:00
483,191.0,2326,189.0,F15+A15+W15+N20.B+V15.1+DF.1+VF.1+H20.L+C15.F,P6,A1.B,-5,32,0/0,10R/-10R,0,0,0,0/0,FTDEX,,,2021-09-28 00:00:00
484,192.0,2326,189.0,F15+A15+W15+N20.B+V15.1+DF.1+VF.1+H20.L+C15.F,P6,A1.B,-10,32,0/0,10R/-10R,0,0,0,0/0,FTDEX,,,2021-09-28 00:00:00
486,194.0,2326,193.0,F15+A15+W15+N20.B+V15.1+DF.1+VF.1+H20.L+C15.F,P6,A1.B,0,32,0/0,10/-10,0,0,0,0/0,FTDEX,,,2021-09-28 00:00:00
487,195.0,2326,193.0,F15+A15+W15+N20.B+V15.1+DF.1+VF.1+H20.L+C15.F,P6,A1.B,-5,32,0/0,10/-10,0,0,0,0/0,FTDEX,,,2021-09-28 00:00:00
488,196.0,2326,193.0,F15+A15+W15+N20.B+V15.1+DF.1+VF.1+H20.L+C15.F,P6,A1.B,-10,32,0/0,10/-10,0,0,0,0/0,FTDEX,,,2021-09-28 00:00:00
490,198.0,2326,197.0,F15+A15+W15+N20.B+V15.1+DF.1+VF.1+H20.L+C15.F,P6,A1.B,0,32,0/0,25R/-25R,0,0,0,0/0,FTDEX,,,2021-09-29 00:00:00
491,199.0,2326,197.0,F15+A15+W15+N20.B+V15.1+DF.1+VF.1+H20.L+C15.F,P6,A1.B,-5,32,0/0,25R/-25R,0,0,0,0/0,FTDEX,,,2021-09-29 00:00:00
492,200.0,2326,197.0,F15+A15+W15+N20.B+V15.1+DF.1+VF.1+H20.L+C15.F,P6,A1.B,-10,32,0/0,25R/-25R,0,0,0,0/0,FTDEX,,,2021-09-29 00:00:00
494,202.0,2326,201.0,F15+A15+W15+N20.B+V15.1+DF.1+VF.1+H20.L+C15.F,P6,A1.B,0,32,0/0,25/-25,0,0,0,0/0,FTDEX,,,2021-09-29 00:00:00
495,203.0,2326,201.0,F15+A15+W15+N20.B+V15.1+DF.1+VF.1+H20.L+C15.F,P6,A1.B,-5,32,0/0,25/-25,0,0,0,0/0,FTDEX,,,2021-09-29 00:00:00
496,204.0,2326,201.0,F15+A15+W15+N20.B+V15.1+DF.1+VF.1+H20.L+C15.F,P6,A1.B,-10,32,0/0,25/-25,0,0,0,0/0,FTDEX,,,2021-09-29 00:00:00
498,206.0,2326,205.0,F15+A15+W15+N20.B+V15.1+DF.1+VF.1+H20.L+C15.F,P6,A1.B,0,32,10/10,10/10,0,0,0,0/0,FTDEX,,,2021-09-29 00:00:00
499,207.0,2326,205.0,F15+A15+W15+N20.B+V15.1+DF.1+VF.1+H20.L+C15.F,P6,A1.B,-5,32,10/10,10/10,0,0,0,0/0,FTDEX,,,2021-09-29 00:00:00
500,208.0,2326,205.0,F15+A15+W15+N20.B+V15.1+DF.1+VF.1+H20.L+C15.F,P6,A1.B,-10,32,10/10,10/10,0,0,0,0/0,FTDEX,,,2021-09-29 00:00:00
501,209.0,2326,205.0,F15+A15+W15+N20.B+V15.1+DF.1+VF.1+H20.L+C15.F,Y6,0,B1,32,10/10,10/10,0,0,0,0/0,FTDEX,,,2021-09-29 00:00:00
503,211.0,2326,210.0,F15+A15+W15+N20.B+V15.1+DF.1+VF.1+H20.L+C15.F,P6,A1.B,0,32,10/10,10R/10R,0,0,0,0/0,FTDEX,,,2021-09-29 00:00:00
504,212.0,2326,210.0,F15+A15+W15+N20.B+V15.1+DF.1+VF.1+H20.L+C15.F,P6,A1.B,-5,32,10/10,10R/10R,0,0,0,0/0,FTDEX,,,2021-09-29 00:00:00
505,213.0,2326,210.0,F15+A15+W15+N20.B+V15.1+DF.1+VF.1+H20.L+C15.F,P6,A1.B,-10,32,10/10,10R/10R,0,0,0,0/0,FTDEX,,,2021-09-29 00:00:00
506,214.0,2326,210.0,F15+A15+W15+N20.B+V15.1+DF.1+VF.1+H20.L+C15.F,Y6,0,B1,32,10/10,10R/10R,0,0,0,0/0,FTDEX,,,2021-09-29 00:00:00
508,216.0,2326,215.0,F15+A15+W15+N20.B+V15.1+DF.1+VF.1+H20.L+C15.F,P6,A1.B,0,32,25/25,10R/10R,0,0,0,0/0,FTDEX,,,2021-09-29 00:00:00
509,217.0,2326,215.0,F15+A15+W15+N20.B+V15.1+DF.1+VF.1+H20.L+C15.F,P6,A1.B,-5,32,25/25,10R/10R,0,0,0,0/0,FTDEX,,,2021-09-29 00:00:00
510,218.0,2326,215.0,F15+A15+W15+N20.B+V15.1+DF.1+VF.1+H20.L+C15.F,P6,A1.B,-10,32,25/25,10R/10R,0,0,0,0/0,FTDEX,,,2021-09-29 00:00:00
511,219.0,2326,215.0,F15+A15+W15+N20.B+V15.1+DF.1+VF.1+H20.L+C15.F,Y6,0,B1,32,25/25,10R/10R,0,0,0,0/0,FTDEX,,,2021-09-29 00:00:00
513,221.0,2326,220.0,F15+A15+W15+N20.B+V15.1+DF.1+VF.1+H20.L+C15.F,P6,A1.B,0,32,0/0,0/0,0,0,15,0,FTDEX,,,2021-09-29 00:00:00
515,223.0,2326,222.0,F15+A15+W15+N20.B+V15.1+DF.1+VF.1+H20.L+C18.F,P6,A1.B,0,32,0/0,0/0,0,0,15,0,FTDEX,,,2021-09-29 00:00:00
517,225.0,2326,224.0,F15+A15+W15+N20.B+V15.1+DF.1+VF.1+H20.L+C18.F,P6,A1.B,0,32,0/0,0/0,0,0,0,0,FTDEX,,,2021-09-29 00:00:00
525,2.0,2331,1.0,F15+A20+W20+V20+H20.T+C15F.1,P6,A1.B,0,32,0/0,0/0,0,0,0,0/0,FTDEX,,,2021-11-15 00:00:00
526,3.0,2331,1.0,F15+A20+W20+V20+H20.T+C15F.1,P6,A1.B,-5,32,0/0,0/0,0,0,0,0/0,FTDEX,,,2021-11-15 00:00:00
527,4.0,2331,1.0,F15+A20+W20+V20+H20.T+C15F.1,P6,A1.B,-10,32,0/0,0/0,0,0,0,0/0,FTDEX,,,2021-11-15 00:00:00
528,5.0,2331,1.0,F15+A20+W20+V20+H20.T+C15F.1,Y6,0,B1,32,0/0,0/0,0,0,0,0/0,FTDEX,,,2021-11-15 00:00:00
529,6.0,2331,1.0,F15+A20+W20+V20+H20.T+C15F.1,Y6,10,B1,32,0/0,0/0,0,0,0,0/0,FTDEX,,,2021-11-15 00:00:00
531,8.0,2331,7.0,F15+A20+W20+N20.B+V20+H20.T+C15F.1,P6,A1.B,0,32,0/0,0/0,0,0,0,0/0,FTDEX,,,2021-11-15 00:00:00
532,9.0,2331,7.0,F15+A20+W20+N20.B+V20+H20.T+C15F.1,P6,A1.B,-5,32,0/0,0/0,0,0,0,0/0,FTDEX,,,2021-11-15 00:00:00
533,10.0,2331,7.0,F15+A20+W20+N20.B+V20+H20.T+C15F.1,P6,A1.B,-10,32,0/0,0/0,0,0,0,0/0,FTDEX,,,2021-11-15 00:00:00
534,11.0,2331,7.0,F15+A20+W20+N20.B+V20+H20.T+C15F.1,Y6,0,B1,32,0/0,0/0,0,0,0,0/0,FTDEX,,,2021-11-15 00:00:00
535,12.0,2331,7.0,F15+A20+W20+N20.B+V20+H20.T+C15F.1,Y6,10,B1,32,0/0,0/0,0,0,0,0/0,FTDEX,,,2021-11-15 00:00:00
537,14.0,2331,13.0,F15+A20+W20+N20.T+V20+H20.T+C15F.1,P6,A1.B,0,32,0/0,0/0,0,0,0,0/0,FTDEX,,,2021-11-15 00:00:00
538,15.0,2331,20.0,F15+A20+W20+N20.T+V20+H20.T+C15F.1,P6,A1.B,0,32,0/0,0/0,0,0,0,0/0,FTDEX,0/50,,2021-11-15 00:00:00
539,16.0,2331,20.0,F15+A20+W20+N20.T+V20+H20.T+C15F.1,P6,A1.B,-5,32,0/0,0/0,0,0,0,0/0,FTDEX,0/50,,2021-11-15 00:00:00
540,17.0,2331,20.0,F15+A20+W20+N20.T+V20+H20.T+C15F.1,P6,A1.B,-10,32,0/0,0/0,0,0,0,0/0,FTDEX,0/50,,2021-11-15 00:00:00
541,18.0,2331,20.0,F15+A20+W20+N20.T+V20+H20.T+C15F.1,P6,A1.B,5,32,0/0,0/0,0,0,0,0/0,FTDEX,0/50,,2021-11-17 00:00:00
542,19.0,2331,20.0,F15+A20+W20+N20.T+V20+H20.T+C15F.1,P6,A1.B,10,32,0/0,0/0,0,0,0,0/0,FTDEX,0/50,,2021-11-17 00:00:00
545,22.0,2331,21.0,F15+A20+W20+N20.T+V20+H20.T+C15F.1,P6,A1.B,0,32,0/0,0/0,0,0,0,0/0,FTDEX,50/50,,2021-11-17 00:00:00
546,23.0,2331,21.0,F15+A20+W20+N20.T+V20+H20.T+C15F.1,P6,A1.B,-5,32,0/0,0/0,0,0,0,0/0,FTDEX,50/50,,2021-11-17 00:00:00
547,24.0,2331,21.0,F15+A20+W20+N20.T+V20+H20.T+C15F.1,P6,A1.B,-10,32,0/0,0/0,0,0,0,0/0,FTDEX,50/50,,2021-11-17 00:00:00
548,25.0,2331,21.0,F15+A20+W20+N20.T+V20+H20.T+C15F.1,P6,A1.B,10,32,0/0,0/0,0,0,0,0/0,FTDEX,50/50,,2021-11-17 00:00:00
549,26.0,2331,21.0,F15+A20+W20+N20.T+V20+H20.T+C15F.1,P6,A1.B,5,32,0/0,0/0,0,0,0,0/0,FTDEX,50/50,,2021-11-17 00:00:00
551,28.0,2331,27.0,F15+A20+W20+N20.T+V20+H20.T+C15F.1,P6,A1.B,0,32,0/0,0/0,0,0,0,0/0,FTDEX,100/100,,2021-11-17 00:00:00
552,29.0,2331,27.0,F15+A20+W20+N20.T+V20+H20.T+C15F.1,P6,A1.B,-5,32,0/0,0/0,0,0,0,0/0,FTDEX,100/100,,2021-11-17 00:00:00
553,30.0,2331,27.0,F15+A20+W20+N20.T+V20+H20.T+C15F.1,P6,A1.B,-10,32,0/0,0/0,0,0,0,0/0,FTDEX,100/100,,2021-11-17 00:00:00
554,31.0,2331,27.0,F15+A20+W20+N20.T+V20+H20.T+C15F.1,P6,A1.B,10,32,0/0,0/0,0,0,0,0/0,FTDEX,100/100,,2021-11-17 00:00:00
555,32.0,2331,27.0,F15+A20+W20+N20.T+V20+H20.T+C15F.1,P6,A1.B,5,32,0/0,0/0,0,0,0,0/0,FTDEX,100/100,,2021-11-17 00:00:00
557,34.0,2331,33.0,F15+A20+W20+N20.T+V20+H20.T+C15F.1,P6,A1.B,0,32,0/0,0/0,0,0,0,0/0,FTDEX,0/100,,2021-11-17 00:00:00
558,35.0,2331,33.0,F15+A20+W20+N20.T+V20+H20.T+C15F.1,P6,A1.B,-5,32,0/0,0/0,0,0,0,0/0,FTDEX,0/100,,2021-11-17 00:00:00
559,36.0,2331,33.0,F15+A20+W20+N20.T+V20+H20.T+C15F.1,P6,A1.B,-10,32,0/0,0/0,0,0,0,0/0,FTDEX,0/100,,2021-11-17 00:00:00
560,37.0,2331,33.0,F15+A20+W20+N20.T+V20+H20.T+C15F.1,P6,A1.B,10,32,0/0,0/0,0,0,0,0/0,FTDEX,0/100,,2021-11-17 00:00:00
561,38.0,2331,33.0,F15+A20+W20+N20.T+V20+H20.T+C15F.1,P6,A1.B,5,32,0/0,0/0,0,0,0,0/0,FTDEX,0/100,,2021-11-17 00:00:00
563,40.0,2331,39.0,F15+A20+W20+N20.T+V20+H20.T+C15F.1,P6,A1.B,0,32,0/0,0/0,15,0,0,0/0,FTDEX,0/0,,2021-11-17 00:00:00
564,41.0,2331,39.0,F15+A20+W20+N20.T+V20+H20.T+C15F.1,P6,A1.B,-2,32,0/0,0/0,15,0,0,0/0,FTDEX,0/0,,2021-11-17 00:00:00
565,42.0,2331,39.0,F15+A20+W20+N20.T+V20+H20.T+C15F.1,P6,A1.B,-5,32,0/0,0/0,15,0,0,0/0,FTDEX,0/0,,2021-11-17 00:00:00
566,43.0,2331,39.0,F15+A20+W20+N20.T+V20+H20.T+C15F.1,P6,A1.B,-10,32,0/0,0/0,15,0,0,0/0,FTDEX,0/0,,2021-11-17 00:00:00
567,44.0,2331,39.0,F15+A20+W20+N20.T+V20+H20.T+C15F.1,Y6,0,B1,32,0/0,0/0,15,0,0,0/0,FTDEX,0/0,,2021-11-17 00:00:00
568,45.0,2331,39.0,F15+A20+W20+N20.T+V20+H20.T+C15F.1,Y6,10,B1,32,0/0,0/0,15,0,0,0/0,FTDEX,0/0,,2021-11-17 00:00:00
570,47.0,2331,46.0,F15+A20+W20+N20.T+V20+H20.T+C15F.1,P6,A1.B,0,32,0/0,0/0,5,0,0,0/0,FTDEX,0/0,,2021-11-17 00:00:00
571,48.0,2331,46.0,F15+A20+W20+N20.T+V20+H20.T+C15F.1,P6,A1.B,-2,32,0/0,0/0,5,0,0,0/0,FTDEX,0/0,,2021-11-17 00:00:00
572,49.0,2331,46.0,F15+A20+W20+N20.T+V20+H20.T+C15F.1,P6,A1.B,-5,32,0/0,0/0,5,0,0,0/0,FTDEX,0/0,,2021-11-17 00:00:00
573,50.0,2331,46.0,F15+A20+W20+N20.T+V20+H20.T+C15F.1,P6,A1.B,-10,32,0/0,0/0,5,0,0,0/0,FTDEX,0/0,,2021-11-17 00:00:00
574,51.0,2331,46.0,F15+A20+W20+N20.T+V20+H20.T+C15F.1,Y6,0,B1,32,0/0,0/0,5,0,0,0/0,FTDEX,0/0,,2021-11-17 00:00:00
575,52.0,2331,46.0,F15+A20+W20+N20.T+V20+H20.T+C15F.1,Y6,10,B1,32,0/0,0/0,5,0,0,0/0,FTDEX,0/0,,2021-11-17 00:00:00
577,54.0,2331,53.0,F15+A20+W20+N20.T+V20+H20.T+C15F.1,P6,A1.B,0,32,0/0,0/0,-5,0,0,0/0,FTDEX,0/0,,2021-11-17 00:00:00
578,55.0,2331,53.0,F15+A20+W20+N20.T+V20+H20.T+C15F.1,P6,A1.B,-2,32,0/0,0/0,-5,0,0,0/0,FTDEX,0/0,,2021-11-17 00:00:00
579,56.0,2331,53.0,F15+A20+W20+N20.T+V20+H20.T+C15F.1,P6,A1.B,-5,32,0/0,0/0,-5,0,0,0/0,FTDEX,0/0,,2021-11-17 00:00:00
580,57.0,2331,53.0,F15+A20+W20+N20.T+V20+H20.T+C15F.1,P6,A1.B,-10,32,0/0,0/0,-5,0,0,0/0,FTDEX,0/0,,2021-11-17 00:00:00
581,58.0,2331,53.0,F15+A20+W20+N20.T+V20+H20.T+C15F.1,Y6,0,B1,32,0/0,0/0,-5,0,0,0/0,FTDEX,0/0,,2021-11-17 00:00:00
582,59.0,2331,53.0,F15+A20+W20+N20.T+V20+H20.T+C15F.1,Y6,10,B1,32,0/0,0/0,-5,0,0,0/0,FTDEX,0/0,,2021-11-17 00:00:00
584,61.0,2331,60.0,F15+A20+W20+N20.T+V20+H20.T+C15F.1,P6,A1.B,0,32,0/0,0/0,-15,0,0,0/0,FTDEX,0/0,,2021-11-17 00:00:00
585,62.0,2331,60.0,F15+A20+W20+N20.T+V20+H20.T+C15F.1,P6,A1.B,-2,32,0/0,0/0,-15,0,0,0/0,FTDEX,0/0,,2021-11-17 00:00:00
586,63.0,2331,60.0,F15+A20+W20+N20.T+V20+H20.T+C15F.1,P6,A1.B,-5,32,0/0,0/0,-15,0,0,0/0,FTDEX,0/0,,2021-11-17 00:00:00
587,64.0,2331,60.0,F15+A20+W20+N20.T+V20+H20.T+C15F.1,P6,A1.B,-10,32,0/0,0/0,-15,0,0,0/0,FTDEX,0/0,,2021-11-17 00:00:00
588,65.0,2331,60.0,F15+A20+W20+N20.T+V20+H20.T+C15F.1,Y6,0,B1,32,0/0,0/0,-15,0,0,0/0,FTDEX,0/0,,2021-11-17 00:00:00
589,66.0,2331,60.0,F15+A20+W20+N20.T+V20+H20.T+C15F.1,Y6,10,B1,32,0/0,0/0,-15,0,0,0/0,FTDEX,0/0,,2021-11-17 00:00:00
594,71.0,2331,67.0,F15+A20+W20+N20.T+V20+H20.T+C15F.1,Y6,0,B1,32,0/0,0/0,0,0,0,0/0,FTDEX,0/0,AU/AU,2021-11-17 00:00:00
595,72.0,2331,67.0,F15+A20+W20+N20.T+V20+H20.T+C15F.1,Y6,10,B1,32,0/0,0/0,0,0,0,0/0,FTDEX,0/0,AU/AU,2021-11-17 00:00:00
597,74.0,2331,73.0,F15.L+A20+W20+N20.T+NSRD+V20+H20.T+C15F.1,P6,A1.B,0,32,0/0,0/0,0,0,0,OGEE + Strake,FTDEX,0/0,,2021-11-18 00:00:00
598,75.0,2331,73.0,F15.L+A20+W20+N20.T+NSRD+V20+H20.T+C15F.1,P6,A1.C,-2,32,0/0,0/0,0,0,0,OGEE + Strake,FTDEX,0/0,,2021-11-18 00:00:00
599,76.0,2331,73.0,F15.L+A20+W20+N20.T+NSRD+V20+H20.T+C15F.1,P6,A1.C,-5,32,0/0,0/0,0,0,0,OGEE + Strake,FTDEX,0/0,,2021-11-18 00:00:00
600,77.0,2331,73.0,F15.L+A20+W20+N20.T+NSRD+V20+H20.T+C15F.1,P6,A1.C,-10,32,0/0,0/0,0,0,0,OGEE + Strake,FTDEX,0/0,,2021-11-18 00:00:00
601,78.0,2331,73.0,F15.L+A20+W20+N20.T+NSRD+V20+H20.T+C15F.1,Y6,0,B1,32,0/0,0/0,0,0,0,OGEE + Strake,FTDEX,0/0,,2021-11-18 00:00:00
602,79.0,2331,73.0,F15.L+A20+W20+N20.T+NSRD+V20+H20.T+C15F.1,Y6,5,B1,32,0/0,0/0,0,0,0,OGEE + Strake,FTDEX,0/0,,2021-11-18 00:00:00
603,80.0,2331,73.0,F15.L+A20+W20+N20.T+NSRD+V20+H20.T+C15F.1,Y6,10,B1,32,0/0,0/0,0,0,0,OGEE + Strake,FTDEX,0/0,,2021-11-18 00:00:00
604,81.0,2331,73.0,F15.L+A20+W20+N20.T+NSRD+V20+H20.T+C15F.1,Y6,15,B1,32,0/0,0/0,0,0,0,OGEE + Strake,FTDEX,0/0,,2021-11-18 00:00:00
605,82.0,2331,73.0,F15.L+A20+W20+N20.T+NSRD+V20+H20.T+C15F.1,Y6,20,B1,32,0/0,0/0,0,0,0,OGEE + Strake,FTDEX,0/0,,2021-11-18 00:00:00
606,83.0,2331,73.0,F15.L+A20+W20+N20.T+NSRD+V20+H20.T+C15F.1+CH,P6,A1.B,0,32,0/0,0/0,0,0,0,OGEE + Strake,FTDEX,0/0,,2021-11-18 00:00:00
608,85.0,2331,84.0,F15.L+A20+W20+N20.T+V20+H20.T+C15F.1,P6,A1.C,0,32,0/0,0/0,0,0,0,0/0,FTDEX,,,2021-11-18 00:00:00
609,86.0,2331,84.0,F15.L+A20+W20+N20.T+V20+H20.T+C15F.1,P6,A1.C,-2,32,0/0,0/0,0,0,0,0/0,FTDEX,,,2021-11-18 00:00:00
610,87.0,2331,84.0,F15.L+A20+W20+N20.T+V20+H20.T+C15F.1,P6,A1.C,-5,32,0/0,0/0,0,0,0,0/0,FTDEX,,,2021-11-18 00:00:00
611,88.0,2331,84.0,F15.L+A20+W20+N20.T+V20+H20.T+C15F.1,P6,A1.C,-10,32,0/0,0/0,0,0,0,0/0,FTDEX,,,2021-11-18 00:00:00
612,89.0,2331,84.0,F15.L+A20+W20+N20.T+V20+H20.T+C15F.1,Y6,0,B1,32,0/0,0/0,0,0,0,0/0,FTDEX,,,2021-11-18 00:00:00
613,90.0,2331,84.0,F15.L+A20+W20+N20.T+V20+H20.T+C15F.1,Y6,5,B1,32,0/0,0/0,0,0,0,0/0,FTDEX,,,2021-11-18 00:00:00
614,91.0,2331,84.0,F15.L+A20+W20+N20.T+V20+H20.T+C15F.1,Y6,10,B1,32,0/0,0/0,0,0,0,0/0,FTDEX,,,2021-11-18 00:00:00
615,92.0,2331,84.0,F15.L+A20+W20+N20.T+V20+H20.T+C15F.1,Y6,15,B1,32,0/0,0/0,0,0,0,0/0,FTDEX,,,2021-11-18 00:00:00
616,93.0,2331,84.0,F15.L+A20+W20+N20.T+V20+H20.T+C15F.1,Y6,19,B1,32,0/0,0/0,0,0,0,0/0,FTDEX,,,2021-11-18 00:00:00
618,95.0,2331,94.0,F15+A20+W20+N20.T+V20+H20.T+C15F.1,P6,A1.B,0,32,0/0,0/0,0,0,0,0/0,FTDEX,,0/SSD.U,2021-11-19 00:00:00
619,96.0,2331,94.0,F15+A20+W20+N20.T+V20+H20.T+C15F.1,P6,A1.B,-5,32,0/0,0/0,0,0,0,0/0,FTDEX,,0/SSD.U,2021-11-19 00:00:00
620,97.0,2331,94.0,F15+A20+W20+N20.T+V20+H20.T+C15F.1,P6,A1.B,-10,32,0/0,0/0,0,0,0,0/0,FTDEX,,0/SSD.U,2021-11-19 00:00:00
621,98.0,2331,94.0,F15+A20+W20+N20.T+V20+H20.T+C15F.1,P6,A1.B,10,32,0/0,0/0,0,0,0,0/0,FTDEX,,0/SSD.U,2021-11-19 00:00:00
622,99.0,2331,94.0,F15+A20+W20+N20.T+V20+H20.T+C15F.1,P6,A1.B,5,32,0/0,0/0,0,0,0,0/0,FTDEX,,0/SSD.U,2021-11-19 00:00:00
623,100.0,2331,94.0,F15+A20+W20+N20.T+V20+H20.T+C15F.1,Y6,0,B1,32,0/0,0/0,0,0,0,0/0,FTDEX,,0/SSD.U,2021-11-19 00:00:00
624,101.0,2331,94.0,F15+A20+W20+N20.T+V20+H20.T+C15F.1,Y6,10,B1,32,0/0,0/0,0,0,0,0/0,FTDEX,,0/SSD.U,2021-11-19 00:00:00
626,103.0,2331,102.0,F15+A20+W20+N20.T+V20+H20.T+C15F.1,P6,A1.B,0,32,0/0,0/0,0,0,0,0/0,FTDEX,,SSD.U/SSD.U,2021-11-19 00:00:00
627,104.0,2331,102.0,F15+A20+W20+N20.T+V20+H20.T+C15F.1,P6,A1.B,-5,32,0/0,0/0,0,0,0,0/0,FTDEX,,SSD.U/SSD.U,2021-11-19 00:00:00
628,105.0,2331,102.0,F15+A20+W20+N20.T+V20+H20.T+C15F.1,P6,A1.B,-10,32,0/0,0/0,0,0,0,0/0,FTDEX,,SSD.U/SSD.U,2021-11-19 00:00:00
629,106.0,2331,102.0,F15+A20+W20+N20.T+V20+H20.T+C15F.1,Y6,0,B1,32,0/0,0/0,0,0,0,0/0,FTDEX,,SSD.U/SSD.U,2021-11-19 00:00:00
630,107.0,2331,102.0,F15+A20+W20+N20.T+V20+H20.T+C15F.1,Y6,10,B1,32,0/0,0/0,0,0,0,0/0,FTDEX,,SSD.U/SSD.U,2021-11-19 00:00:00
632,109.0,2331,108.0,F15+A20+W20+N20.T+V20+H20.T+C15F.1,P6,A1.B,0,32,0/0,0/0,0,0,0,0/0,FTDEX,,SSD.D/SSD.D,2021-11-19 00:00:00
633,110.0,2331,108.0,F15+A20+W20+N20.T+V20+H20.T+C15F.1,P6,A1.B,-5,32,0/0,0/0,0,0,0,0/0,FTDEX,,SSD.D/SSD.D,2021-11-19 00:00:00
634,111.0,2331,108.0,F15+A20+W20+N20.T+V20+H20.T+C15F.1,P6,A1.B,-10,32,0/0,0/0,0,0,0,0/0,FTDEX,,SSD.D/SSD.D,2021-11-19 00:00:00
635,112.0,2331,108.0,F15+A20+W20+N20.T+V20+H20.T+C15F.1,Y6,0,B1,32,0/0,0/0,0,0,0,0/0,FTDEX,,SSD.D/SSD.D,2021-11-19 00:00:00
636,113.0,2331,108.0,F15+A20+W20+N20.T+V20+H20.T+C15F.1,Y6,10,B1,32,0/0,0/0,0,0,0,0/0,FTDEX,,SSD.D/SSD.D,2021-11-19 00:00:00
638,115.0,2331,114.0,F15+A20+W20+N20.T+V20+H20.T+C15F.1,P6,A1.B,0,32,0/0,0/0,0,0,0,0/0,FTDEX,,0/SSD.D,2021-11-19 00:00:00
639,116.0,2331,114.0,F15+A20+W20+N20.T+V20+H20.T+C15F.1,P6,A1.B,-5,32,0/0,0/0,0,0,0,0/0,FTDEX,,0/SSD.D,2021-11-19 00:00:00
640,117.0,2331,114.0,F15+A20+W20+N20.T+V20+H20.T+C15F.1,P6,A1.B,-10,32,0/0,0/0,0,0,0,0/0,FTDEX,,0/SSD.D,2021-11-19 00:00:00
641,118.0,2331,114.0,F15+A20+W20+N20.T+V20+H20.T+C15F.1,P6,A1.B,10,32,0/0,0/0,0,0,0,0/0,FTDEX,,0/SSD.D,2021-11-19 00:00:00
642,119.0,2331,114.0,F15+A20+W20+N20.T+V20+H20.T+C15F.1,P6,A1.B,5,32,0/0,0/0,0,0,0,0/0,FTDEX,,0/SSD.D,2021-11-19 00:00:00
643,120.0,2331,114.0,F15+A20+W20+N20.T+V20+H20.T+C15F.1,Y6,0,B1,32,0/0,0/0,0,0,0,0/0,FTDEX,,0/SSD.D,2021-11-19 00:00:00
644,121.0,2331,114.0,F15+A20+W20+N20.T+V20+H20.T+C15F.1,Y6,10,B1,32,0/0,0/0,0,0,0,0/0,FTDEX,,0/SSD.D,2021-11-19 00:00:00
646,123.0,2331,122.0,F15+A20+W20+N20.T+V20+H20.T+C15F.1,P6,A1.B,0,,0/0,0/0,0,0,0,0/0,FTDEX,,0/AU,2021-11-19 00:00:00
647,124.0,2331,122.0,F15+A20+W20+N20.T+V20+H20.T+C15F.1,P6,A1.B,-5,,0/0,0/0,0,0,0,0/0,FTDEX,,0/AU,2021-11-19 00:00:00
648,125.0,2331,122.0,F15+A20+W20+N20.T+V20+H20.T+C15F.1,P6,A1.B,-10,,0/0,0/0,0,0,0,0/0,FTDEX,,0/AU,2021-11-19 00:00:00
649,126.0,2331,122.0,F15+A20+W20+N20.T+V20+H20.T+C15F.1,P6,A1.B,10,,0/0,0/0,0,0,0,0/0,FTDEX,,0/AU,2021-11-19 00:00:00
650,127.0,2331,122.0,F15+A20+W20+N20.T+V20+H20.T+C15F.1,P6,A1.B,5,,0/0,0/0,0,0,0,0/0,FTDEX,,0/AU,2021-11-19 00:00:00
651,128.0,2331,122.0,F15+A20+W20+N20.T+V20+H20.T+C15F.1,Y6,0,B1,,0/0,0/0,0,0,0,0/0,FTDEX,,0/AU,2021-11-19 00:00:00
652,129.0,2331,122.0,F15+A20+W20+N20.T+V20+H20.T+C15F.1,Y6,10,B1,,0/0,0/0,0,0,0,0/0,FTDEX,,0/AU,2021-11-19 00:00:00
654,131.0,2331,130.0,F15+A20+W20+N20.T+V20+H20.T+C15F.1,P6,A1.B,0,32,0/0,0/0,0,0,0,0/0,FTDEX,,F.S/F.S(U/D),2021-11-19 00:00:00
655,132.0,2331,130.0,F15+A20+W20+N20.T+V20+H20.T+C15F.1,P6,A1.B,-5,32,0/0,0/0,0,0,0,0/0,FTDEX,,F.S/F.S(U/D),2021-11-19 00:00:00
656,133.0,2331,130.0,F15+A20+W20+N20.T+V20+H20.T+C15F.1,P6,A1.B,-10,32,0/0,0/0,0,0,0,0/0,FTDEX,,F.S/F.S(U/D),2021-11-19 00:00:00
658,135.0,2331,134.0,F15+A20+W20+N20.T+V20+H20.T+C15F.1,P6,A1.B,0,32,0/0,0/0,0,0,0,0/0,FTDEX,,C.S,2021-11-19 00:00:00
659,136.0,2331,134.0,F15+A20+W20+N20.T+V20+H20.T+C15F.1,P6,A1.B,-5,32,0/0,0/0,0,0,0,0/0,FTDEX,,C.S,2021-11-19 00:00:00
660,137.0,2331,134.0,F15+A20+W20+N20.T+V20+H20.T+C15F.1,P6,A1.B,-10,32,0/0,0/0,0,0,0,0/0,FTDEX,,C.S,2021-11-19 00:00:00
662,139.0,2331,138.0,F15+A20+W20+N20.T+V20+H20.T+C15F.1,P6,A1.B,0,32,0/0,0/0,0,0,0,301./30.1,FTDEX,,,2021-11-22 00:00:00
663,140.0,2331,138.0,F15+A20+W20+N20.T+V20+H20.T+C15F.1,P6,A1.B,-5,32,0/0,0/0,0,0,0,301./30.1,FTDEX,,,2021-11-22 00:00:00
664,141.0,2331,138.0,F15+A20+W20+N20.T+V20+H20.T+C15F.1,P6,A1.B,-10,32,0/0,0/0,0,0,0,301./30.1,FTDEX,,,2021-11-22 00:00:00
666,143.0,2331,142.0,F15+A20+W20+N20.T+V20+H20.T+C15A.1,P6,A1.B,0,32,0/0,0/0,0,0,0,0/0,FTDEX,,,2021-11-22 00:00:00
667,144.0,2331,142.0,F15+A20+W20+N20.T+V20+H20.T+C15A.1,P6,A1.B,-5,32,0/0,0/0,0,0,0,0/0,FTDEX,,,2021-11-22 00:00:00
668,145.0,2331,142.0,F15+A20+W20+N20.T+V20+H20.T+C15A.1,P6,A1.B,-10,32,0/0,0/0,0,0,0,0/0,FTDEX,,,2021-11-22 00:00:00
669,146.0,2331,142.0,F15+A20+W20+N20.T+V20+H20.T+C15A.1,Y6,0,B1,32,0/0,0/0,0,0,0,0/0,FTDEX,,,2021-11-22 00:00:00
670,147.0,2331,142.0,F15+A20+W20+N20.T+V20+H20.T+C15A.1,Y6,10,B1,32,0/0,0/0,0,0,0,0/0,FTDEX,,,2021-11-22 00:00:00
671,148.0,2331,13.0,F15+A20+W20+N20.T+V20+H20.T+C15F.1,FLOW VIS,A1.D,0,1-3,0/0,0/0,0,0,0,0/0,FTDEX,,,2021-11-22 00:00:00
672,149.0,2331,1.0,F15+A20+W20+V20+H20.T+C15F.1,FLOW VIS,VAR,0,1,0/0,0/0,0,0,0,0/0,FTDEX,,,2021-11-22 00:00:00
